convert_raw_to_app.py の警告ログ
実行日時: 2026-06-26 09:20:36
警告件数: 2665
============================================================

1. CK振出庫：商品名でJAN置換 粕屋CK '〇生サーモンにぎり大パック' JAN 2500566000000.0 → 2500566000000
2. CK振出庫：商品名でJAN置換 粕屋CK '〇生サーモンにぎり大パック' JAN 2500566000000.0 → 2500566000000
3. CK振出庫：商品名でJAN置換 粕屋CK '〇生サーモンにぎり大パック' JAN 2500566000000.0 → 2500566000000
4. CK振出庫：商品名でJAN置換 粕屋CK '〇生サーモンにぎり大パック' JAN 2500566000000.0 → 2500566000000
5. CK振出庫：商品名でJAN置換 粕屋CK '〇生サーモンにぎり大パック' JAN 2500566000000.0 → 2500566000000
6. CK振出庫：商品名でJAN置換 粕屋CK '〇生サーモンにぎり大パック' JAN 2500566000000.0 → 2500566000000
7. CK振出庫：商品名でJAN置換 粕屋CK '〇生サーモンにぎり大パック' JAN 2500566000000.0 → 2500566000000
8. CK振出庫：商品名でJAN置換 粕屋CK '〇生サーモンにぎり大パック' JAN 2500566000000.0 → 2500566000000
9. CK振出庫：商品名でJAN置換 粕屋CK '〇生サーモンにぎり大パック' JAN 2500566000000.0 → 2500566000000
10. CK振出庫：商品名でJAN置換 粕屋CK '〇生サーモンにぎり大パック' JAN 2500566000000.0 → 2500566000000
11. CK振出庫：商品名でJAN置換 粕屋CK '〇生サーモンにぎり大パック' JAN 2500566000000.0 → 2500566000000
12. CK振出庫：商品名でJAN置換 粕屋CK '〇生サーモンにぎり大パック' JAN 2500566000000.0 → 2500566000000
13. CK振出庫：商品名でJAN置換 粕屋CK '〇生サーモンにぎり大パック' JAN 2500566000000.0 → 2500566000000
14. CK振出庫：商品名でJAN置換 粕屋CK '〇生サーモンにぎり大パック' JAN 2500566000000.0 → 2500566000000
15. CK振出庫：商品名でJAN置換 粕屋CK '〇生サーモンにぎり大パック' JAN 2500566000000.0 → 2500566000000
16. CK振出庫：商品名でJAN置換 粕屋CK '〇生サーモンにぎり大パック' JAN 2500566000000.0 → 2500566000000
17. CK振出庫：商品名でJAN置換 粕屋CK '〇サーモンコンビ' JAN 2500567000000.0 → 2500567000000
18. CK振出庫：商品名でJAN置換 粕屋CK '〇サーモンコンビ' JAN 2500567000000.0 → 2500567000000
19. CK振出庫：商品名でJAN置換 粕屋CK '〇サーモンコンビ' JAN 2500567000000.0 → 2500567000000
20. CK振出庫：商品名でJAN置換 粕屋CK '〇サーモンコンビ' JAN 2500567000000.0 → 2500567000000
21. CK振出庫：商品名でJAN置換 粕屋CK '〇サーモンコンビ' JAN 2500567000000.0 → 2500567000000
22. CK振出庫：商品名でJAN置換 粕屋CK '〇サーモンコンビ' JAN 2500567000000.0 → 2500567000000
23. CK振出庫：商品名でJAN置換 粕屋CK '〇サーモンコンビ' JAN 2500567000000.0 → 2500567000000
24. CK振出庫：商品名でJAN置換 粕屋CK '〇サーモンコンビ' JAN 2500567000000.0 → 2500567000000
25. CK振出庫：商品名でJAN置換 粕屋CK '〇サーモンコンビ' JAN 2500567000000.0 → 2500567000000
26. CK振出庫：商品名でJAN置換 粕屋CK '〇サーモンコンビ' JAN 2500567000000.0 → 2500567000000
27. CK振出庫：商品名でJAN置換 粕屋CK '〇サーモンコンビ' JAN 2500567000000.0 → 2500567000000
28. CK振出庫：商品名でJAN置換 粕屋CK '〇サーモンコンビ' JAN 2500567000000.0 → 2500567000000
29. CK振出庫：商品名でJAN置換 粕屋CK '〇サーモンコンビ' JAN 2500567000000.0 → 2500567000000
30. CK振出庫：商品名でJAN置換 粕屋CK '〇サーモンコンビ' JAN 2500567000000.0 → 2500567000000
31. CK振出庫：商品名でJAN置換 粕屋CK '〇サーモンコンビ' JAN 2500567000000.0 → 2500567000000
32. CK振出庫：商品名でJAN置換 粕屋CK '〇サーモンコンビ' JAN 2500567000000.0 → 2500567000000
33. CK振出庫：複数レシピにマッチ、取込スキップ 粕屋CK '〇上にぎり６貫盛合せ' JAN 2504197000000.0
34. CK振出庫：複数レシピにマッチ、取込スキップ 粕屋CK '〇上にぎり６貫盛合せ' JAN 2504197000000.0
35. CK振出庫：複数レシピにマッチ、取込スキップ 粕屋CK '〇上にぎり６貫盛合せ' JAN 2504197000000.0
36. CK振出庫：複数レシピにマッチ、取込スキップ 粕屋CK '〇上にぎり６貫盛合せ' JAN 2504197000000.0
37. CK振出庫：複数レシピにマッチ、取込スキップ 粕屋CK '〇上にぎり６貫盛合せ' JAN 2504197000000.0
38. CK振出庫：複数レシピにマッチ、取込スキップ 粕屋CK '〇上にぎり６貫盛合せ' JAN 2504197000000.0
39. CK振出庫：複数レシピにマッチ、取込スキップ 粕屋CK '〇上にぎり６貫盛合せ' JAN 2504197000000.0
40. CK振出庫：複数レシピにマッチ、取込スキップ 粕屋CK '〇上にぎり６貫盛合せ' JAN 2504197000000.0
41. CK振出庫：複数レシピにマッチ、取込スキップ 粕屋CK '〇上にぎり６貫盛合せ' JAN 2504197000000.0
42. CK振出庫：複数レシピにマッチ、取込スキップ 粕屋CK '〇上にぎり６貫盛合せ' JAN 2504197000000.0
43. CK振出庫：複数レシピにマッチ、取込スキップ 粕屋CK '〇上にぎり６貫盛合せ' JAN 2504197000000.0
44. CK振出庫：複数レシピにマッチ、取込スキップ 粕屋CK '〇鉄火細巻き' JAN 2505638000000.0
45. CK振出庫：複数レシピにマッチ、取込スキップ 粕屋CK '〇鉄火細巻き' JAN 2505638000000.0
46. CK振出庫：複数レシピにマッチ、取込スキップ 粕屋CK '〇鉄火細巻き' JAN 2505638000000.0
47. CK振出庫：複数レシピにマッチ、取込スキップ 粕屋CK '〇鉄火細巻き' JAN 2505638000000.0
48. CK振出庫：複数レシピにマッチ、取込スキップ 粕屋CK '〇鉄火細巻き' JAN 2505638000000.0
49. CK振出庫：複数レシピにマッチ、取込スキップ 粕屋CK '〇鉄火細巻き' JAN 2505638000000.0
50. CK振出庫：複数レシピにマッチ、取込スキップ 粕屋CK '〇鉄火細巻き' JAN 2505638000000.0
51. CK振出庫：複数レシピにマッチ、取込スキップ 粕屋CK '〇鉄火細巻き' JAN 2505638000000.0
52. CK振出庫：複数レシピにマッチ、取込スキップ 粕屋CK '〇鉄火細巻き' JAN 2505638000000.0
53. CK振出庫：複数レシピにマッチ、取込スキップ 粕屋CK '〇鉄火細巻き' JAN 2505638000000.0
54. CK振出庫：複数レシピにマッチ、取込スキップ 粕屋CK '〇鉄火細巻き' JAN 2505638000000.0
55. CK振出庫：複数レシピにマッチ、取込スキップ 粕屋CK '〇鉄火細巻き' JAN 2505638000000.0
56. CK振出庫：複数レシピにマッチ、取込スキップ 粕屋CK '〇鉄火細巻き' JAN 2505638000000.0
57. CK振出庫：複数レシピにマッチ、取込スキップ 粕屋CK '〇鉄火細巻き' JAN 2505638000000.0
58. CK振出庫：複数レシピにマッチ、取込スキップ 粕屋CK '〇鉄火細巻き' JAN 2505638000000.0
59. CK振出庫：複数レシピにマッチ、取込スキップ 粕屋CK '〇鉄火細巻き' JAN 2505638000000.0
60. CK振出庫：複数レシピにマッチ、取込スキップ 粕屋CK '〇鉄火細巻き' JAN 2505638000000.0
61. CK振出庫：複数レシピにマッチ、取込スキップ 粕屋CK '〇鉄火細巻き' JAN 2505638000000.0
62. CK振出庫：複数レシピにマッチ、取込スキップ 粕屋CK '〇鉄火細巻き' JAN 2505638000000.0
63. CK振出庫：複数レシピにマッチ、取込スキップ 粕屋CK '〇鉄火細巻き' JAN 2505638000000.0
64. CK振出庫：複数レシピにマッチ、取込スキップ 粕屋CK '〇鉄火細巻き' JAN 2505638000000.0
65. CK振出庫：複数レシピにマッチ、取込スキップ 粕屋CK '〇鉄火細巻き' JAN 2505638000000.0
66. CK振出庫：複数レシピにマッチ、取込スキップ 粕屋CK '〇鉄火細巻き' JAN 2505638000000.0
67. CK振出庫：複数レシピにマッチ、取込スキップ 粕屋CK '〇鉄火細巻き' JAN 2505638000000.0
68. CK振出庫：複数レシピにマッチ、取込スキップ 粕屋CK '〇鉄火細巻き' JAN 2505638000000.0
69. CK振出庫：複数レシピにマッチ、取込スキップ 粕屋CK '〇鉄火細巻き' JAN 2505638000000.0
70. CK振出庫：複数レシピにマッチ、取込スキップ 粕屋CK '〇鉄火細巻き' JAN 2505638000000.0
71. CK振出庫：複数レシピにマッチ、取込スキップ 粕屋CK '〇鉄火細巻き' JAN 2505638000000.0
72. CK振出庫：複数レシピにマッチ、取込スキップ 粕屋CK '〇鉄火細巻き' JAN 2505638000000.0
73. CK振出庫：複数レシピにマッチ、取込スキップ 粕屋CK '〇鉄火細巻き' JAN 2505638000000.0
74. CK振出庫：複数レシピにマッチ、取込スキップ 粕屋CK '〇鉄火細巻き' JAN 2505638000000.0
75. CK振出庫：複数レシピにマッチ、取込スキップ 粕屋CK '〇鉄火細巻き' JAN 2505638000000.0
76. CK振出庫：複数レシピにマッチ、取込スキップ 粕屋CK '〇鉄火細巻き' JAN 2505638000000.0
77. CK振出庫：複数レシピにマッチ、取込スキップ 粕屋CK '〇鉄火細巻き' JAN 2505638000000.0
78. CK振出庫：複数レシピにマッチ、取込スキップ 粕屋CK '〇鉄火細巻き' JAN 2505638000000.0
79. CK振出庫：複数レシピにマッチ、取込スキップ 粕屋CK '〇鉄火細巻き' JAN 2505638000000.0
80. CK振出庫：複数レシピにマッチ、取込スキップ 粕屋CK '〇鉄火細巻き' JAN 2505638000000.0
81. CK振出庫：複数レシピにマッチ、取込スキップ 粕屋CK '〇鉄火細巻き' JAN 2505638000000.0
82. CK振出庫：複数レシピにマッチ、取込スキップ 粕屋CK '〇鉄火細巻き' JAN 2505638000000.0
83. CK振出庫：複数レシピにマッチ、取込スキップ 粕屋CK '〇鉄火細巻き' JAN 2505638000000.0
84. CK振出庫：複数レシピにマッチ、取込スキップ 粕屋CK '〇鉄火細巻き' JAN 2505638000000.0
85. CK振出庫：複数レシピにマッチ、取込スキップ 粕屋CK '〇鉄火細巻き' JAN 2505638000000.0
86. CK振出庫：複数レシピにマッチ、取込スキップ 粕屋CK '〇鉄火細巻き' JAN 2505638000000.0
87. CK振出庫：複数レシピにマッチ、取込スキップ 粕屋CK '〇鉄火細巻き' JAN 2505638000000.0
88. CK振出庫：複数レシピにマッチ、取込スキップ 粕屋CK '〇鉄火細巻き' JAN 2505638000000.0
89. CK振出庫：複数レシピにマッチ、取込スキップ 粕屋CK '〇鉄火細巻き' JAN 2505638000000.0
90. CK振出庫：複数レシピにマッチ、取込スキップ 粕屋CK '〇鉄火細巻き' JAN 2505638000000.0
91. CK振出庫：複数レシピにマッチ、取込スキップ 粕屋CK '〇鉄火細巻き' JAN 2505638000000.0
92. CK振出庫：複数レシピにマッチ、取込スキップ 粕屋CK '〇鉄火細巻き' JAN 2505638000000.0
93. CK振出庫：複数レシピにマッチ、取込スキップ 粕屋CK '〇鉄火細巻き' JAN 2505638000000.0
94. CK振出庫：複数レシピにマッチ、取込スキップ 粕屋CK '〇鉄火細巻き' JAN 2505638000000.0
95. CK振出庫：複数レシピにマッチ、取込スキップ 粕屋CK '〇鉄火細巻き' JAN 2505638000000.0
96. CK振出庫：複数レシピにマッチ、取込スキップ 粕屋CK '〇鉄火細巻き' JAN 2505638000000.0
97. CK振出庫：複数レシピにマッチ、取込スキップ 粕屋CK '〇鉄火細巻き' JAN 2505638000000.0
98. CK振出庫：複数レシピにマッチ、取込スキップ 粕屋CK '〇鉄火細巻き' JAN 2505638000000.0
99. CK振出庫：複数レシピにマッチ、取込スキップ 粕屋CK '〇鉄火細巻き' JAN 2505638000000.0
100. CK振出庫：複数レシピにマッチ、取込スキップ 粕屋CK '〇鉄火細巻き' JAN 2505638000000.0
101. CK振出庫：複数レシピにマッチ、取込スキップ 粕屋CK '〇鉄火細巻き' JAN 2505638000000.0
102. CK振出庫：複数レシピにマッチ、取込スキップ 粕屋CK '〇鉄火細巻き' JAN 2505638000000.0
103. CK振出庫：複数レシピにマッチ、取込スキップ 粕屋CK '〇鉄火細巻き' JAN 2505638000000.0
104. CK振出庫：複数レシピにマッチ、取込スキップ 粕屋CK '〇鉄火細巻き' JAN 2505638000000.0
105. CK振出庫：複数レシピにマッチ、取込スキップ 粕屋CK '〇鉄火細巻き' JAN 2505638000000.0
106. CK振出庫：複数レシピにマッチ、取込スキップ 粕屋CK '〇鉄火細巻き' JAN 2505638000000.0
107. CK振出庫：複数レシピにマッチ、取込スキップ 粕屋CK '〇鉄火細巻き' JAN 2505638000000.0
108. CK振出庫：複数レシピにマッチ、取込スキップ 粕屋CK '〇鉄火細巻き' JAN 2505638000000.0
109. CK振出庫：複数レシピにマッチ、取込スキップ 粕屋CK '〇鉄火細巻き' JAN 2505638000000.0
110. CK振出庫：複数レシピにマッチ、取込スキップ 粕屋CK '〇鉄火細巻き' JAN 2505638000000.0
111. CK振出庫：複数レシピにマッチ、取込スキップ 粕屋CK '〇鉄火細巻き' JAN 2505638000000.0
112. CK振出庫：複数レシピにマッチ、取込スキップ 粕屋CK '〇鉄火細巻き' JAN 2505638000000.0
113. CK振出庫：複数レシピにマッチ、取込スキップ 粕屋CK '〇鉄火細巻き' JAN 2505638000000.0
114. CK振出庫：複数レシピにマッチ、取込スキップ 粕屋CK '〇鉄火細巻き' JAN 2505638000000.0
115. CK振出庫：複数レシピにマッチ、取込スキップ 粕屋CK '〇鉄火細巻き' JAN 2505638000000.0
116. CK振出庫：複数レシピにマッチ、取込スキップ 粕屋CK '〇鉄火細巻き' JAN 2505638000000.0
117. CK振出庫：複数レシピにマッチ、取込スキップ 粕屋CK '〇鉄火細巻き' JAN 2505638000000.0
118. CK振出庫：複数レシピにマッチ、取込スキップ 粕屋CK '〇鉄火細巻き' JAN 2505638000000.0
119. CK振出庫：複数レシピにマッチ、取込スキップ 粕屋CK '〇鉄火細巻き' JAN 2505638000000.0
120. CK振出庫：複数レシピにマッチ、取込スキップ 粕屋CK '〇鉄火細巻き' JAN 2505638000000.0
121. CK振出庫：複数レシピにマッチ、取込スキップ 粕屋CK '〇鉄火細巻き' JAN 2505638000000.0
122. CK振出庫：複数レシピにマッチ、取込スキップ 粕屋CK '〇鉄火細巻き' JAN 2505638000000.0
123. CK振出庫：複数レシピにマッチ、取込スキップ 粕屋CK '〇鉄火細巻き' JAN 2505638000000.0
124. CK振出庫：複数レシピにマッチ、取込スキップ 粕屋CK '〇鉄火細巻き' JAN 2505638000000.0
125. CK振出庫：複数レシピにマッチ、取込スキップ 粕屋CK '〇鉄火細巻き' JAN 2505638000000.0
126. CK振出庫：複数レシピにマッチ、取込スキップ 粕屋CK '〇鉄火細巻き' JAN 2505638000000.0
127. CK振出庫：複数レシピにマッチ、取込スキップ 粕屋CK '〇鉄火細巻き' JAN 2505638000000.0
128. CK振出庫：複数レシピにマッチ、取込スキップ 粕屋CK '〇鉄火細巻き' JAN 2505638000000.0
129. CK振出庫：複数レシピにマッチ、取込スキップ 粕屋CK '〇鉄火細巻き' JAN 2505638000000.0
130. CK振出庫：複数レシピにマッチ、取込スキップ 粕屋CK '〇鉄火細巻き' JAN 2505638000000.0
131. CK振出庫：複数レシピにマッチ、取込スキップ 粕屋CK '〇鉄火細巻き' JAN 2505638000000.0
132. CK振出庫：複数レシピにマッチ、取込スキップ 粕屋CK '〇鉄火細巻き' JAN 2505638000000.0
133. CK振出庫：複数レシピにマッチ、取込スキップ 粕屋CK '〇鉄火細巻き' JAN 2505638000000.0
134. CK振出庫：複数レシピにマッチ、取込スキップ 粕屋CK '〇鉄火細巻き' JAN 2505638000000.0
135. CK振出庫：複数レシピにマッチ、取込スキップ 粕屋CK '〇鉄火細巻き' JAN 2505638000000.0
136. CK振出庫：複数レシピにマッチ、取込スキップ 粕屋CK '〇鉄火細巻き' JAN 2505638000000.0
137. CK振出庫：複数レシピにマッチ、取込スキップ 粕屋CK '〇鉄火細巻き' JAN 2505638000000.0
138. CK振出庫：複数レシピにマッチ、取込スキップ 粕屋CK '〇鉄火細巻き' JAN 2505638000000.0
139. CK振出庫：複数レシピにマッチ、取込スキップ 粕屋CK '〇鉄火細巻き' JAN 2505638000000.0
140. CK振出庫：複数レシピにマッチ、取込スキップ 粕屋CK '〇鉄火細巻き' JAN 2505638000000.0
141. CK振出庫：複数レシピにマッチ、取込スキップ 粕屋CK '〇鉄火細巻き' JAN 2505638000000.0
142. CK振出庫：複数レシピにマッチ、取込スキップ 粕屋CK '〇鉄火細巻き' JAN 2505638000000.0
143. CK振出庫：複数レシピにマッチ、取込スキップ 粕屋CK '〇鉄火細巻き' JAN 2505638000000.0
144. CK振出庫：複数レシピにマッチ、取込スキップ 粕屋CK '〇鉄火細巻き' JAN 2505638000000.0
145. CK振出庫：複数レシピにマッチ、取込スキップ 粕屋CK '〇鉄火細巻き' JAN 2505638000000.0
146. CK振出庫：複数レシピにマッチ、取込スキップ 粕屋CK '〇鉄火細巻き' JAN 2505638000000.0
147. CK振出庫：複数レシピにマッチ、取込スキップ 粕屋CK '〇鉄火細巻き' JAN 2505638000000.0
148. CK振出庫：複数レシピにマッチ、取込スキップ 粕屋CK '〇鉄火細巻き' JAN 2505638000000.0
149. CK振出庫：複数レシピにマッチ、取込スキップ 粕屋CK '〇鉄火細巻き' JAN 2505638000000.0
150. CK振出庫：複数レシピにマッチ、取込スキップ 粕屋CK '〇鉄火細巻き' JAN 2505638000000.0
151. CK振出庫：複数レシピにマッチ、取込スキップ 粕屋CK '〇鉄火細巻き' JAN 2505638000000.0
152. CK振出庫：複数レシピにマッチ、取込スキップ 粕屋CK '〇鉄火細巻き' JAN 2505638000000.0
153. CK振出庫：複数レシピにマッチ、取込スキップ 粕屋CK '〇鉄火細巻き' JAN 2505638000000.0
154. CK振出庫：複数レシピにマッチ、取込スキップ 粕屋CK '〇鉄火細巻き' JAN 2505638000000.0
155. CK振出庫：複数レシピにマッチ、取込スキップ 粕屋CK '〇鉄火細巻き' JAN 2505638000000.0
156. CK振出庫：複数レシピにマッチ、取込スキップ 粕屋CK '〇鉄火細巻き' JAN 2505638000000.0
157. CK振出庫：複数レシピにマッチ、取込スキップ 粕屋CK '〇鉄火細巻き' JAN 2505638000000.0
158. CK振出庫：複数レシピにマッチ、取込スキップ 粕屋CK '〇鉄火細巻き' JAN 2505638000000.0
159. CK振出庫：複数レシピにマッチ、取込スキップ 粕屋CK '〇鉄火細巻き' JAN 2505638000000.0
160. CK振出庫：複数レシピにマッチ、取込スキップ 粕屋CK '〇鉄火細巻き' JAN 2505638000000.0
161. CK振出庫：複数レシピにマッチ、取込スキップ 粕屋CK '〇鉄火細巻き' JAN 2505638000000.0
162. CK振出庫：複数レシピにマッチ、取込スキップ 粕屋CK '〇鉄火細巻き' JAN 2505638000000.0
163. CK振出庫：複数レシピにマッチ、取込スキップ 粕屋CK '〇鉄火細巻き' JAN 2505638000000.0
164. CK振出庫：複数レシピにマッチ、取込スキップ 粕屋CK '〇鉄火細巻き' JAN 2505638000000.0
165. CK振出庫：複数レシピにマッチ、取込スキップ 粕屋CK '〇鉄火細巻き' JAN 2505638000000.0
166. CK振出庫：複数レシピにマッチ、取込スキップ 粕屋CK '〇鉄火細巻き' JAN 2505638000000.0
167. CK振出庫：複数レシピにマッチ、取込スキップ 粕屋CK '〇鉄火細巻き' JAN 2505638000000.0
168. CK振出庫：複数レシピにマッチ、取込スキップ 粕屋CK '〇鉄火細巻き' JAN 2505638000000.0
169. CK振出庫：複数レシピにマッチ、取込スキップ 粕屋CK '〇鉄火細巻き' JAN 2505638000000.0
170. CK振出庫：複数レシピにマッチ、取込スキップ 粕屋CK '〇鉄火細巻き' JAN 2505638000000.0
171. CK振出庫：複数レシピにマッチ、取込スキップ 粕屋CK '〇鉄火細巻き' JAN 2505638000000.0
172. CK振出庫：複数レシピにマッチ、取込スキップ 粕屋CK '〇鉄火細巻き' JAN 2505638000000.0
173. CK振出庫：複数レシピにマッチ、取込スキップ 粕屋CK '〇鉄火細巻き' JAN 2505638000000.0
174. CK振出庫：複数レシピにマッチ、取込スキップ 粕屋CK '〇鉄火細巻き' JAN 2505638000000.0
175. CK振出庫：複数レシピにマッチ、取込スキップ 粕屋CK '〇鉄火細巻き' JAN 2505638000000.0
176. CK振出庫：複数レシピにマッチ、取込スキップ 粕屋CK '〇鉄火細巻き' JAN 2505638000000.0
177. CK振出庫：複数レシピにマッチ、取込スキップ 粕屋CK '〇鉄火細巻き' JAN 2505638000000.0
178. CK振出庫：複数レシピにマッチ、取込スキップ 粕屋CK '〇鉄火細巻き' JAN 2505638000000.0
179. CK振出庫：複数レシピにマッチ、取込スキップ 粕屋CK '〇鉄火細巻き' JAN 2505638000000.0
180. CK振出庫：複数レシピにマッチ、取込スキップ 粕屋CK '〇鉄火細巻き' JAN 2505638000000.0
181. CK振出庫：複数レシピにマッチ、取込スキップ 粕屋CK '〇鉄火細巻き' JAN 2505638000000.0
182. CK振出庫：複数レシピにマッチ、取込スキップ 粕屋CK '〇鉄火細巻き' JAN 2505638000000.0
183. CK振出庫：複数レシピにマッチ、取込スキップ 粕屋CK '〇鉄火細巻き' JAN 2505638000000.0
184. CK振出庫：複数レシピにマッチ、取込スキップ 粕屋CK '〇鉄火細巻き' JAN 2505638000000.0
185. CK振出庫：複数レシピにマッチ、取込スキップ 粕屋CK '〇鉄火細巻き' JAN 2505638000000.0
186. CK振出庫：複数レシピにマッチ、取込スキップ 粕屋CK '〇鉄火細巻き' JAN 2505638000000.0
187. CK振出庫：複数レシピにマッチ、取込スキップ 粕屋CK '〇鉄火細巻き' JAN 2505638000000.0
188. CK振出庫：複数レシピにマッチ、取込スキップ 粕屋CK '〇鉄火細巻き' JAN 2505638000000.0
189. CK振出庫：複数レシピにマッチ、取込スキップ 粕屋CK '〇鉄火細巻き' JAN 2505638000000.0
190. CK振出庫：複数レシピにマッチ、取込スキップ 粕屋CK '〇鉄火細巻き' JAN 2505638000000.0
191. CK振出庫：複数レシピにマッチ、取込スキップ 粕屋CK '〇鉄火細巻き' JAN 2505638000000.0
192. CK振出庫：複数レシピにマッチ、取込スキップ 粕屋CK '〇鉄火細巻き' JAN 2505638000000.0
193. CK振出庫：複数レシピにマッチ、取込スキップ 粕屋CK '〇鉄火細巻き' JAN 2505638000000.0
194. CK振出庫：複数レシピにマッチ、取込スキップ 粕屋CK '〇鉄火細巻き' JAN 2505638000000.0
195. CK振出庫：複数レシピにマッチ、取込スキップ 粕屋CK '〇鉄火細巻き' JAN 2505638000000.0
196. CK振出庫：複数レシピにマッチ、取込スキップ 粕屋CK '〇鉄火細巻き' JAN 2505638000000.0
197. CK振出庫：複数レシピにマッチ、取込スキップ 粕屋CK '〇鉄火細巻き' JAN 2505638000000.0
198. CK振出庫：複数レシピにマッチ、取込スキップ 粕屋CK '〇鉄火細巻き' JAN 2505638000000.0
199. CK振出庫：複数レシピにマッチ、取込スキップ 粕屋CK '〇鉄火細巻き' JAN 2505638000000.0
200. CK振出庫：複数レシピにマッチ、取込スキップ 粕屋CK '〇鉄火細巻き' JAN 2505638000000.0
201. CK振出庫：複数レシピにマッチ、取込スキップ 粕屋CK '〇鉄火細巻き' JAN 2505638000000.0
202. CK振出庫：複数レシピにマッチ、取込スキップ 粕屋CK '〇鉄火細巻き' JAN 2505638000000.0
203. CK振出庫：複数レシピにマッチ、取込スキップ 粕屋CK '〇鉄火細巻き' JAN 2505638000000.0
204. CK振出庫：複数レシピにマッチ、取込スキップ 粕屋CK '〇鉄火細巻き' JAN 2505638000000.0
205. CK振出庫：複数レシピにマッチ、取込スキップ 粕屋CK '〇鉄火細巻き' JAN 2505638000000.0
206. CK振出庫：複数レシピにマッチ、取込スキップ 粕屋CK '〇鉄火細巻き' JAN 2505638000000.0
207. CK振出庫：複数レシピにマッチ、取込スキップ 粕屋CK '〇鉄火細巻き' JAN 2505638000000.0
208. CK振出庫：複数レシピにマッチ、取込スキップ 粕屋CK '〇鉄火細巻き' JAN 2505638000000.0
209. CK振出庫：複数レシピにマッチ、取込スキップ 粕屋CK '〇鉄火細巻き' JAN 2505638000000.0
210. CK振出庫：複数レシピにマッチ、取込スキップ 粕屋CK '〇鉄火細巻き' JAN 2505638000000.0
211. CK振出庫：複数レシピにマッチ、取込スキップ 粕屋CK '〇鉄火細巻き' JAN 2505638000000.0
212. CK振出庫：複数レシピにマッチ、取込スキップ 粕屋CK '〇鉄火細巻き' JAN 2505638000000.0
213. CK振出庫：複数レシピにマッチ、取込スキップ 粕屋CK '〇鉄火細巻き' JAN 2505638000000.0
214. CK振出庫：複数レシピにマッチ、取込スキップ 粕屋CK '〇鉄火細巻き' JAN 2505638000000.0
215. CK振出庫：複数レシピにマッチ、取込スキップ 粕屋CK '〇鉄火細巻き' JAN 2505638000000.0
216. CK振出庫：複数レシピにマッチ、取込スキップ 粕屋CK '〇鉄火細巻き' JAN 2505638000000.0
217. CK振出庫：複数レシピにマッチ、取込スキップ 粕屋CK '〇鉄火細巻き' JAN 2505638000000.0
218. CK振出庫：複数レシピにマッチ、取込スキップ 粕屋CK '〇鉄火細巻き' JAN 2505638000000.0
219. CK振出庫：複数レシピにマッチ、取込スキップ 粕屋CK '〇鉄火細巻き' JAN 2505638000000.0
220. CK振出庫：複数レシピにマッチ、取込スキップ 粕屋CK '〇鉄火細巻き' JAN 2505638000000.0
221. CK振出庫：複数レシピにマッチ、取込スキップ 粕屋CK '〇鉄火細巻き' JAN 2505638000000.0
222. CK振出庫：複数レシピにマッチ、取込スキップ 粕屋CK '〇鉄火細巻き' JAN 2505638000000.0
223. CK振出庫：複数レシピにマッチ、取込スキップ 粕屋CK '〇鉄火細巻き' JAN 2505638000000.0
224. CK振出庫：複数レシピにマッチ、取込スキップ 粕屋CK '〇鉄火細巻き' JAN 2505638000000.0
225. CK振出庫：複数レシピにマッチ、取込スキップ 粕屋CK '〇鉄火細巻き' JAN 2505638000000.0
226. CK振出庫：複数レシピにマッチ、取込スキップ 粕屋CK '〇鉄火細巻き' JAN 2505638000000.0
227. CK振出庫：複数レシピにマッチ、取込スキップ 粕屋CK '〇鉄火細巻き' JAN 2505638000000.0
228. CK振出庫：複数レシピにマッチ、取込スキップ 粕屋CK '〇鉄火細巻き' JAN 2505638000000.0
229. CK振出庫：複数レシピにマッチ、取込スキップ 粕屋CK '〇鉄火細巻き' JAN 2505638000000.0
230. CK振出庫：複数レシピにマッチ、取込スキップ 粕屋CK '〇鉄火細巻き' JAN 2505638000000.0
231. CK振出庫：複数レシピにマッチ、取込スキップ 粕屋CK '〇鉄火細巻き' JAN 2505638000000.0
232. CK振出庫：複数レシピにマッチ、取込スキップ 粕屋CK '〇鉄火細巻き' JAN 2505638000000.0
233. CK振出庫：複数レシピにマッチ、取込スキップ 粕屋CK '〇鉄火細巻き' JAN 2505638000000.0
234. CK振出庫：複数レシピにマッチ、取込スキップ 粕屋CK '〇鉄火細巻き' JAN 2505638000000.0
235. CK振出庫：複数レシピにマッチ、取込スキップ 粕屋CK '〇鉄火細巻き' JAN 2505638000000.0
236. CK振出庫：複数レシピにマッチ、取込スキップ 粕屋CK '〇鉄火細巻き' JAN 2505638000000.0
237. CK振出庫：複数レシピにマッチ、取込スキップ 粕屋CK '〇鉄火細巻き' JAN 2505638000000.0
238. CK振出庫：複数レシピにマッチ、取込スキップ 粕屋CK '〇鉄火細巻き' JAN 2505638000000.0
239. CK振出庫：複数レシピにマッチ、取込スキップ 粕屋CK '〇鉄火細巻き' JAN 2505638000000.0
240. CK振出庫：複数レシピにマッチ、取込スキップ 粕屋CK '〇鉄火細巻き' JAN 2505638000000.0
241. CK振出庫：複数レシピにマッチ、取込スキップ 粕屋CK '〇鉄火細巻き' JAN 2505638000000.0
242. CK振出庫：複数レシピにマッチ、取込スキップ 粕屋CK '〇鉄火細巻き' JAN 2505638000000.0
243. CK振出庫：複数レシピにマッチ、取込スキップ 粕屋CK '〇鉄火細巻き' JAN 2505638000000.0
244. CK振出庫：複数レシピにマッチ、取込スキップ 粕屋CK '〇鉄火細巻き' JAN 2505638000000.0
245. CK振出庫：複数レシピにマッチ、取込スキップ 粕屋CK '〇鉄火細巻き' JAN 2505638000000.0
246. CK振出庫：複数レシピにマッチ、取込スキップ 粕屋CK '〇鉄火細巻き' JAN 2505638000000.0
247. CK振出庫：複数レシピにマッチ、取込スキップ 粕屋CK '〇鉄火細巻き' JAN 2505638000000.0
248. CK振出庫：複数レシピにマッチ、取込スキップ 粕屋CK '〇鉄火細巻き' JAN 2505638000000.0
249. CK振出庫：複数レシピにマッチ、取込スキップ 粕屋CK '〇鉄火細巻き' JAN 2505638000000.0
250. CK振出庫：複数レシピにマッチ、取込スキップ 粕屋CK '〇鉄火細巻き' JAN 2505638000000.0
251. CK振出庫：複数レシピにマッチ、取込スキップ 粕屋CK '〇鉄火細巻き' JAN 2505638000000.0
252. CK振出庫：複数レシピにマッチ、取込スキップ 粕屋CK '〇鉄火細巻き' JAN 2505638000000.0
253. CK振出庫：複数レシピにマッチ、取込スキップ 粕屋CK '〇鉄火細巻き' JAN 2505638000000.0
254. CK振出庫：複数レシピにマッチ、取込スキップ 粕屋CK '〇鉄火細巻き' JAN 2505638000000.0
255. CK振出庫：複数レシピにマッチ、取込スキップ 粕屋CK '〇鉄火細巻き' JAN 2505638000000.0
256. CK振出庫：複数レシピにマッチ、取込スキップ 粕屋CK '〇鉄火細巻き' JAN 2505638000000.0
257. CK振出庫：複数レシピにマッチ、取込スキップ 粕屋CK '〇鉄火細巻き' JAN 2505638000000.0
258. CK振出庫：複数レシピにマッチ、取込スキップ 粕屋CK '〇鉄火細巻き' JAN 2505638000000.0
259. CK振出庫：複数レシピにマッチ、取込スキップ 粕屋CK '〇鉄火細巻き' JAN 2505638000000.0
260. CK振出庫：複数レシピにマッチ、取込スキップ 粕屋CK '〇鉄火細巻き' JAN 2505638000000.0
261. CK振出庫：複数レシピにマッチ、取込スキップ 粕屋CK '〇鉄火細巻き' JAN 2505638000000.0
262. CK振出庫：複数レシピにマッチ、取込スキップ 粕屋CK '〇鉄火細巻き' JAN 2505638000000.0
263. CK振出庫：複数レシピにマッチ、取込スキップ 粕屋CK '〇鉄火細巻き' JAN 2505638000000.0
264. CK振出庫：複数レシピにマッチ、取込スキップ 粕屋CK '〇鉄火細巻き' JAN 2505638000000.0
265. CK振出庫：複数レシピにマッチ、取込スキップ 粕屋CK '〇鉄火細巻き' JAN 2505638000000.0
266. CK振出庫：複数レシピにマッチ、取込スキップ 粕屋CK '〇鉄火細巻き' JAN 2505638000000.0
267. CK振出庫：複数レシピにマッチ、取込スキップ 粕屋CK '〇ねぎとろ細巻き' JAN 2505641000000.0
268. CK振出庫：複数レシピにマッチ、取込スキップ 粕屋CK '〇ねぎとろ細巻き' JAN 2505641000000.0
269. CK振出庫：複数レシピにマッチ、取込スキップ 粕屋CK '〇ねぎとろ細巻き' JAN 2505641000000.0
270. CK振出庫：複数レシピにマッチ、取込スキップ 粕屋CK '〇ねぎとろ細巻き' JAN 2505641000000.0
271. CK振出庫：複数レシピにマッチ、取込スキップ 粕屋CK '〇ねぎとろ細巻き' JAN 2505641000000.0
272. CK振出庫：複数レシピにマッチ、取込スキップ 粕屋CK '〇ねぎとろ細巻き' JAN 2505641000000.0
273. CK振出庫：複数レシピにマッチ、取込スキップ 粕屋CK '〇ねぎとろ細巻き' JAN 2505641000000.0
274. CK振出庫：複数レシピにマッチ、取込スキップ 粕屋CK '〇ねぎとろ細巻き' JAN 2505641000000.0
275. CK振出庫：複数レシピにマッチ、取込スキップ 粕屋CK '〇ねぎとろ細巻き' JAN 2505641000000.0
276. CK振出庫：複数レシピにマッチ、取込スキップ 粕屋CK '〇ねぎとろ細巻き' JAN 2505641000000.0
277. CK振出庫：複数レシピにマッチ、取込スキップ 粕屋CK '〇ねぎとろ細巻き' JAN 2505641000000.0
278. CK振出庫：複数レシピにマッチ、取込スキップ 粕屋CK '〇ねぎとろ細巻き' JAN 2505641000000.0
279. CK振出庫：複数レシピにマッチ、取込スキップ 粕屋CK '〇ねぎとろ細巻き' JAN 2505641000000.0
280. CK振出庫：複数レシピにマッチ、取込スキップ 粕屋CK '〇ねぎとろ細巻き' JAN 2505641000000.0
281. CK振出庫：複数レシピにマッチ、取込スキップ 粕屋CK '〇ねぎとろ細巻き' JAN 2505641000000.0
282. CK振出庫：複数レシピにマッチ、取込スキップ 粕屋CK '〇ねぎとろ細巻き' JAN 2505641000000.0
283. CK振出庫：複数レシピにマッチ、取込スキップ 粕屋CK '〇ねぎとろ細巻き' JAN 2505641000000.0
284. CK振出庫：複数レシピにマッチ、取込スキップ 粕屋CK '〇ねぎとろ細巻き' JAN 2505641000000.0
285. CK振出庫：複数レシピにマッチ、取込スキップ 粕屋CK '〇ねぎとろ細巻き' JAN 2505641000000.0
286. CK振出庫：複数レシピにマッチ、取込スキップ 粕屋CK '〇ねぎとろ細巻き' JAN 2505641000000.0
287. CK振出庫：複数レシピにマッチ、取込スキップ 粕屋CK '〇ねぎとろ細巻き' JAN 2505641000000.0
288. CK振出庫：複数レシピにマッチ、取込スキップ 粕屋CK '〇ねぎとろ細巻き' JAN 2505641000000.0
289. CK振出庫：複数レシピにマッチ、取込スキップ 粕屋CK '〇ねぎとろ細巻き' JAN 2505641000000.0
290. CK振出庫：複数レシピにマッチ、取込スキップ 粕屋CK '〇ねぎとろ細巻き' JAN 2505641000000.0
291. CK振出庫：複数レシピにマッチ、取込スキップ 粕屋CK '〇ねぎとろ細巻き' JAN 2505641000000.0
292. CK振出庫：複数レシピにマッチ、取込スキップ 粕屋CK '〇ねぎとろ細巻き' JAN 2505641000000.0
293. CK振出庫：複数レシピにマッチ、取込スキップ 粕屋CK '〇ねぎとろ細巻き' JAN 2505641000000.0
294. CK振出庫：複数レシピにマッチ、取込スキップ 粕屋CK '〇ねぎとろ細巻き' JAN 2505641000000.0
295. CK振出庫：複数レシピにマッチ、取込スキップ 粕屋CK '〇ねぎとろ細巻き' JAN 2505641000000.0
296. CK振出庫：複数レシピにマッチ、取込スキップ 粕屋CK '〇ねぎとろ細巻き' JAN 2505641000000.0
297. CK振出庫：複数レシピにマッチ、取込スキップ 粕屋CK '〇ねぎとろ細巻き' JAN 2505641000000.0
298. CK振出庫：複数レシピにマッチ、取込スキップ 粕屋CK '〇ねぎとろ細巻き' JAN 2505641000000.0
299. CK振出庫：複数レシピにマッチ、取込スキップ 粕屋CK '〇ねぎとろ細巻き' JAN 2505641000000.0
300. CK振出庫：複数レシピにマッチ、取込スキップ 粕屋CK '〇ねぎとろ細巻き' JAN 2505641000000.0
301. CK振出庫：複数レシピにマッチ、取込スキップ 粕屋CK '〇ねぎとろ細巻き' JAN 2505641000000.0
302. CK振出庫：複数レシピにマッチ、取込スキップ 粕屋CK '〇ねぎとろ細巻き' JAN 2505641000000.0
303. CK振出庫：複数レシピにマッチ、取込スキップ 粕屋CK '〇ねぎとろ細巻き' JAN 2505641000000.0
304. CK振出庫：複数レシピにマッチ、取込スキップ 粕屋CK '〇ねぎとろ細巻き' JAN 2505641000000.0
305. CK振出庫：複数レシピにマッチ、取込スキップ 粕屋CK '〇ねぎとろ細巻き' JAN 2505641000000.0
306. CK振出庫：複数レシピにマッチ、取込スキップ 粕屋CK '〇ねぎとろ細巻き' JAN 2505641000000.0
307. CK振出庫：複数レシピにマッチ、取込スキップ 粕屋CK '〇ねぎとろ細巻き' JAN 2505641000000.0
308. CK振出庫：複数レシピにマッチ、取込スキップ 粕屋CK '〇ねぎとろ細巻き' JAN 2505641000000.0
309. CK振出庫：複数レシピにマッチ、取込スキップ 粕屋CK '〇ねぎとろ細巻き' JAN 2505641000000.0
310. CK振出庫：複数レシピにマッチ、取込スキップ 粕屋CK '〇ねぎとろ細巻き' JAN 2505641000000.0
311. CK振出庫：複数レシピにマッチ、取込スキップ 粕屋CK '〇ねぎとろ細巻き' JAN 2505641000000.0
312. CK振出庫：複数レシピにマッチ、取込スキップ 粕屋CK '〇ねぎとろ細巻き' JAN 2505641000000.0
313. CK振出庫：複数レシピにマッチ、取込スキップ 粕屋CK '〇ねぎとろ細巻き' JAN 2505641000000.0
314. CK振出庫：複数レシピにマッチ、取込スキップ 粕屋CK '〇ねぎとろ細巻き' JAN 2505641000000.0
315. CK振出庫：複数レシピにマッチ、取込スキップ 粕屋CK '〇ねぎとろ細巻き' JAN 2505641000000.0
316. CK振出庫：複数レシピにマッチ、取込スキップ 粕屋CK '〇ねぎとろ細巻き' JAN 2505641000000.0
317. CK振出庫：複数レシピにマッチ、取込スキップ 粕屋CK '〇ねぎとろ細巻き' JAN 2505641000000.0
318. CK振出庫：複数レシピにマッチ、取込スキップ 粕屋CK '〇ねぎとろ細巻き' JAN 2505641000000.0
319. CK振出庫：複数レシピにマッチ、取込スキップ 粕屋CK '〇ねぎとろ細巻き' JAN 2505641000000.0
320. CK振出庫：複数レシピにマッチ、取込スキップ 粕屋CK '〇ねぎとろ細巻き' JAN 2505641000000.0
321. CK振出庫：複数レシピにマッチ、取込スキップ 粕屋CK '〇ねぎとろ細巻き' JAN 2505641000000.0
322. CK振出庫：複数レシピにマッチ、取込スキップ 粕屋CK '〇ねぎとろ細巻き' JAN 2505641000000.0
323. CK振出庫：複数レシピにマッチ、取込スキップ 粕屋CK '〇ねぎとろ細巻き' JAN 2505641000000.0
324. CK振出庫：複数レシピにマッチ、取込スキップ 粕屋CK '〇ねぎとろ細巻き' JAN 2505641000000.0
325. CK振出庫：複数レシピにマッチ、取込スキップ 粕屋CK '〇ねぎとろ細巻き' JAN 2505641000000.0
326. CK振出庫：複数レシピにマッチ、取込スキップ 粕屋CK '〇ねぎとろ細巻き' JAN 2505641000000.0
327. CK振出庫：複数レシピにマッチ、取込スキップ 粕屋CK '〇ねぎとろ細巻き' JAN 2505641000000.0
328. CK振出庫：複数レシピにマッチ、取込スキップ 粕屋CK '〇ねぎとろ細巻き' JAN 2505641000000.0
329. CK振出庫：複数レシピにマッチ、取込スキップ 粕屋CK '〇ねぎとろ細巻き' JAN 2505641000000.0
330. CK振出庫：複数レシピにマッチ、取込スキップ 粕屋CK '〇ねぎとろ細巻き' JAN 2505641000000.0
331. CK振出庫：複数レシピにマッチ、取込スキップ 粕屋CK '〇ねぎとろ細巻き' JAN 2505641000000.0
332. CK振出庫：複数レシピにマッチ、取込スキップ 粕屋CK '〇ねぎとろ細巻き' JAN 2505641000000.0
333. CK振出庫：複数レシピにマッチ、取込スキップ 粕屋CK '〇ねぎとろ細巻き' JAN 2505641000000.0
334. CK振出庫：複数レシピにマッチ、取込スキップ 粕屋CK '〇ねぎとろ細巻き' JAN 2505641000000.0
335. CK振出庫：複数レシピにマッチ、取込スキップ 粕屋CK '〇ねぎとろ細巻き' JAN 2505641000000.0
336. CK振出庫：複数レシピにマッチ、取込スキップ 粕屋CK '〇ねぎとろ細巻き' JAN 2505641000000.0
337. CK振出庫：複数レシピにマッチ、取込スキップ 粕屋CK '〇ねぎとろ細巻き' JAN 2505641000000.0
338. CK振出庫：複数レシピにマッチ、取込スキップ 粕屋CK '〇ねぎとろ細巻き' JAN 2505641000000.0
339. CK振出庫：複数レシピにマッチ、取込スキップ 粕屋CK '〇ねぎとろ細巻き' JAN 2505641000000.0
340. CK振出庫：複数レシピにマッチ、取込スキップ 粕屋CK '〇ねぎとろ細巻き' JAN 2505641000000.0
341. CK振出庫：複数レシピにマッチ、取込スキップ 粕屋CK '〇ねぎとろ細巻き' JAN 2505641000000.0
342. CK振出庫：複数レシピにマッチ、取込スキップ 粕屋CK '〇ねぎとろ細巻き' JAN 2505641000000.0
343. CK振出庫：複数レシピにマッチ、取込スキップ 粕屋CK '〇ねぎとろ細巻き' JAN 2505641000000.0
344. CK振出庫：複数レシピにマッチ、取込スキップ 粕屋CK '〇ねぎとろ細巻き' JAN 2505641000000.0
345. CK振出庫：複数レシピにマッチ、取込スキップ 粕屋CK '〇ねぎとろ細巻き' JAN 2505641000000.0
346. CK振出庫：複数レシピにマッチ、取込スキップ 粕屋CK '〇ねぎとろ細巻き' JAN 2505641000000.0
347. CK振出庫：複数レシピにマッチ、取込スキップ 粕屋CK '〇ねぎとろ細巻き' JAN 2505641000000.0
348. CK振出庫：複数レシピにマッチ、取込スキップ 粕屋CK '〇ねぎとろ細巻き' JAN 2505641000000.0
349. CK振出庫：複数レシピにマッチ、取込スキップ 粕屋CK '〇ねぎとろ細巻き' JAN 2505641000000.0
350. CK振出庫：複数レシピにマッチ、取込スキップ 粕屋CK '〇ねぎとろ細巻き' JAN 2505641000000.0
351. CK振出庫：複数レシピにマッチ、取込スキップ 粕屋CK '〇ねぎとろ細巻き' JAN 2505641000000.0
352. CK振出庫：複数レシピにマッチ、取込スキップ 粕屋CK '〇ねぎとろ細巻き' JAN 2505641000000.0
353. CK振出庫：複数レシピにマッチ、取込スキップ 粕屋CK '〇ねぎとろ細巻き' JAN 2505641000000.0
354. CK振出庫：複数レシピにマッチ、取込スキップ 粕屋CK '〇ねぎとろ細巻き' JAN 2505641000000.0
355. CK振出庫：複数レシピにマッチ、取込スキップ 粕屋CK '〇ねぎとろ細巻き' JAN 2505641000000.0
356. CK振出庫：複数レシピにマッチ、取込スキップ 粕屋CK '〇ねぎとろ細巻き' JAN 2505641000000.0
357. CK振出庫：複数レシピにマッチ、取込スキップ 粕屋CK '〇ねぎとろ細巻き' JAN 2505641000000.0
358. CK振出庫：複数レシピにマッチ、取込スキップ 粕屋CK '〇ねぎとろ細巻き' JAN 2505641000000.0
359. CK振出庫：複数レシピにマッチ、取込スキップ 粕屋CK '〇ねぎとろ細巻き' JAN 2505641000000.0
360. CK振出庫：複数レシピにマッチ、取込スキップ 粕屋CK '〇ねぎとろ細巻き' JAN 2505641000000.0
361. CK振出庫：複数レシピにマッチ、取込スキップ 粕屋CK '〇ねぎとろ細巻き' JAN 2505641000000.0
362. CK振出庫：複数レシピにマッチ、取込スキップ 粕屋CK '〇ねぎとろ細巻き' JAN 2505641000000.0
363. CK振出庫：複数レシピにマッチ、取込スキップ 粕屋CK '〇ねぎとろ細巻き' JAN 2505641000000.0
364. CK振出庫：複数レシピにマッチ、取込スキップ 粕屋CK '〇ねぎとろ細巻き' JAN 2505641000000.0
365. CK振出庫：複数レシピにマッチ、取込スキップ 粕屋CK '〇ねぎとろ細巻き' JAN 2505641000000.0
366. CK振出庫：複数レシピにマッチ、取込スキップ 粕屋CK '〇ねぎとろ細巻き' JAN 2505641000000.0
367. CK振出庫：複数レシピにマッチ、取込スキップ 粕屋CK '〇ねぎとろ細巻き' JAN 2505641000000.0
368. CK振出庫：複数レシピにマッチ、取込スキップ 粕屋CK '〇ねぎとろ細巻き' JAN 2505641000000.0
369. CK振出庫：複数レシピにマッチ、取込スキップ 粕屋CK '〇ねぎとろ細巻き' JAN 2505641000000.0
370. CK振出庫：複数レシピにマッチ、取込スキップ 粕屋CK '〇ねぎとろ細巻き' JAN 2505641000000.0
371. CK振出庫：複数レシピにマッチ、取込スキップ 粕屋CK '〇ねぎとろ細巻き' JAN 2505641000000.0
372. CK振出庫：複数レシピにマッチ、取込スキップ 粕屋CK '〇ねぎとろ細巻き' JAN 2505641000000.0
373. CK振出庫：複数レシピにマッチ、取込スキップ 粕屋CK '〇ねぎとろ細巻き' JAN 2505641000000.0
374. CK振出庫：複数レシピにマッチ、取込スキップ 粕屋CK '〇ねぎとろ細巻き' JAN 2505641000000.0
375. CK振出庫：複数レシピにマッチ、取込スキップ 粕屋CK '〇ねぎとろ細巻き' JAN 2505641000000.0
376. CK振出庫：複数レシピにマッチ、取込スキップ 粕屋CK '〇ねぎとろ細巻き' JAN 2505641000000.0
377. CK振出庫：複数レシピにマッチ、取込スキップ 粕屋CK '〇ねぎとろ細巻き' JAN 2505641000000.0
378. CK振出庫：複数レシピにマッチ、取込スキップ 粕屋CK '〇ねぎとろ細巻き' JAN 2505641000000.0
379. CK振出庫：複数レシピにマッチ、取込スキップ 粕屋CK '〇ねぎとろ細巻き' JAN 2505641000000.0
380. CK振出庫：複数レシピにマッチ、取込スキップ 粕屋CK '〇ねぎとろ細巻き' JAN 2505641000000.0
381. CK振出庫：複数レシピにマッチ、取込スキップ 粕屋CK '〇ねぎとろ細巻き' JAN 2505641000000.0
382. CK振出庫：複数レシピにマッチ、取込スキップ 粕屋CK '〇ねぎとろ細巻き' JAN 2505641000000.0
383. CK振出庫：複数レシピにマッチ、取込スキップ 粕屋CK '〇ねぎとろ細巻き' JAN 2505641000000.0
384. CK振出庫：複数レシピにマッチ、取込スキップ 粕屋CK '〇ねぎとろ細巻き' JAN 2505641000000.0
385. CK振出庫：複数レシピにマッチ、取込スキップ 粕屋CK '〇ねぎとろ細巻き' JAN 2505641000000.0
386. CK振出庫：複数レシピにマッチ、取込スキップ 粕屋CK '〇ねぎとろ細巻き' JAN 2505641000000.0
387. CK振出庫：複数レシピにマッチ、取込スキップ 粕屋CK '〇ねぎとろ細巻き' JAN 2505641000000.0
388. CK振出庫：複数レシピにマッチ、取込スキップ 粕屋CK '〇ねぎとろ細巻き' JAN 2505641000000.0
389. CK振出庫：複数レシピにマッチ、取込スキップ 粕屋CK '〇ねぎとろ細巻き' JAN 2505641000000.0
390. CK振出庫：複数レシピにマッチ、取込スキップ 粕屋CK '〇ねぎとろ細巻き' JAN 2505641000000.0
391. CK振出庫：複数レシピにマッチ、取込スキップ 粕屋CK '〇ねぎとろ細巻き' JAN 2505641000000.0
392. CK振出庫：複数レシピにマッチ、取込スキップ 粕屋CK '〇ねぎとろ細巻き' JAN 2505641000000.0
393. CK振出庫：複数レシピにマッチ、取込スキップ 粕屋CK '〇ねぎとろ細巻き' JAN 2505641000000.0
394. CK振出庫：複数レシピにマッチ、取込スキップ 粕屋CK '〇ねぎとろ細巻き' JAN 2505641000000.0
395. CK振出庫：複数レシピにマッチ、取込スキップ 粕屋CK '〇ねぎとろ細巻き' JAN 2505641000000.0
396. CK振出庫：複数レシピにマッチ、取込スキップ 粕屋CK '〇ねぎとろ細巻き' JAN 2505641000000.0
397. CK振出庫：複数レシピにマッチ、取込スキップ 粕屋CK '〇ねぎとろ細巻き' JAN 2505641000000.0
398. CK振出庫：複数レシピにマッチ、取込スキップ 粕屋CK '〇ねぎとろ細巻き' JAN 2505641000000.0
399. CK振出庫：複数レシピにマッチ、取込スキップ 粕屋CK '〇ねぎとろ細巻き' JAN 2505641000000.0
400. CK振出庫：複数レシピにマッチ、取込スキップ 粕屋CK '〇ねぎとろ細巻き' JAN 2505641000000.0
401. CK振出庫：複数レシピにマッチ、取込スキップ 粕屋CK '〇ねぎとろ細巻き' JAN 2505641000000.0
402. CK振出庫：複数レシピにマッチ、取込スキップ 粕屋CK '〇ねぎとろ細巻き' JAN 2505641000000.0
403. CK振出庫：複数レシピにマッチ、取込スキップ 粕屋CK '〇ねぎとろ細巻き' JAN 2505641000000.0
404. CK振出庫：複数レシピにマッチ、取込スキップ 粕屋CK '〇ねぎとろ細巻き' JAN 2505641000000.0
405. CK振出庫：複数レシピにマッチ、取込スキップ 粕屋CK '〇ねぎとろ細巻き' JAN 2505641000000.0
406. CK振出庫：複数レシピにマッチ、取込スキップ 粕屋CK '〇ねぎとろ細巻き' JAN 2505641000000.0
407. CK振出庫：複数レシピにマッチ、取込スキップ 粕屋CK '〇ねぎとろ細巻き' JAN 2505641000000.0
408. CK振出庫：複数レシピにマッチ、取込スキップ 粕屋CK '〇ねぎとろ細巻き' JAN 2505641000000.0
409. CK振出庫：複数レシピにマッチ、取込スキップ 粕屋CK '〇ねぎとろ細巻き' JAN 2505641000000.0
410. CK振出庫：複数レシピにマッチ、取込スキップ 粕屋CK '〇ねぎとろ細巻き' JAN 2505641000000.0
411. CK振出庫：複数レシピにマッチ、取込スキップ 粕屋CK '〇ねぎとろ細巻き' JAN 2505641000000.0
412. CK振出庫：複数レシピにマッチ、取込スキップ 粕屋CK '〇ねぎとろ細巻き' JAN 2505641000000.0
413. CK振出庫：複数レシピにマッチ、取込スキップ 粕屋CK '〇ねぎとろ細巻き' JAN 2505641000000.0
414. CK振出庫：複数レシピにマッチ、取込スキップ 粕屋CK '〇ねぎとろ細巻き' JAN 2505641000000.0
415. CK振出庫：複数レシピにマッチ、取込スキップ 粕屋CK '〇ねぎとろ細巻き' JAN 2505641000000.0
416. CK振出庫：複数レシピにマッチ、取込スキップ 粕屋CK '〇ねぎとろ細巻き' JAN 2505641000000.0
417. CK振出庫：複数レシピにマッチ、取込スキップ 粕屋CK '〇ねぎとろ細巻き' JAN 2505641000000.0
418. CK振出庫：複数レシピにマッチ、取込スキップ 粕屋CK '〇ねぎとろ細巻き' JAN 2505641000000.0
419. CK振出庫：複数レシピにマッチ、取込スキップ 粕屋CK '〇ねぎとろ細巻き' JAN 2505641000000.0
420. CK振出庫：複数レシピにマッチ、取込スキップ 粕屋CK '〇ねぎとろ細巻き' JAN 2505641000000.0
421. CK振出庫：複数レシピにマッチ、取込スキップ 粕屋CK '〇ねぎとろ細巻き' JAN 2505641000000.0
422. CK振出庫：複数レシピにマッチ、取込スキップ 粕屋CK '〇ねぎとろ細巻き' JAN 2505641000000.0
423. CK振出庫：複数レシピにマッチ、取込スキップ 粕屋CK '〇ねぎとろ細巻き' JAN 2505641000000.0
424. CK振出庫：複数レシピにマッチ、取込スキップ 粕屋CK '〇ねぎとろ細巻き' JAN 2505641000000.0
425. CK振出庫：複数レシピにマッチ、取込スキップ 粕屋CK '〇ねぎとろ細巻き' JAN 2505641000000.0
426. CK振出庫：複数レシピにマッチ、取込スキップ 粕屋CK '〇ねぎとろ細巻き' JAN 2505641000000.0
427. CK振出庫：複数レシピにマッチ、取込スキップ 粕屋CK '〇ねぎとろ細巻き' JAN 2505641000000.0
428. CK振出庫：複数レシピにマッチ、取込スキップ 粕屋CK '〇ねぎとろ細巻き' JAN 2505641000000.0
429. CK振出庫：複数レシピにマッチ、取込スキップ 粕屋CK '〇ねぎとろ細巻き' JAN 2505641000000.0
430. CK振出庫：複数レシピにマッチ、取込スキップ 粕屋CK '〇ねぎとろ細巻き' JAN 2505641000000.0
431. CK振出庫：複数レシピにマッチ、取込スキップ 粕屋CK '〇ねぎとろ細巻き' JAN 2505641000000.0
432. CK振出庫：複数レシピにマッチ、取込スキップ 粕屋CK '〇ねぎとろ細巻き' JAN 2505641000000.0
433. CK振出庫：複数レシピにマッチ、取込スキップ 粕屋CK '〇ねぎとろ細巻き' JAN 2505641000000.0
434. CK振出庫：複数レシピにマッチ、取込スキップ 粕屋CK '〇ねぎとろ細巻き' JAN 2505641000000.0
435. CK振出庫：複数レシピにマッチ、取込スキップ 粕屋CK '〇ねぎとろ細巻き' JAN 2505641000000.0
436. CK振出庫：複数レシピにマッチ、取込スキップ 粕屋CK '〇ねぎとろ細巻き' JAN 2505641000000.0
437. CK振出庫：複数レシピにマッチ、取込スキップ 粕屋CK '〇ねぎとろ細巻き' JAN 2505641000000.0
438. CK振出庫：複数レシピにマッチ、取込スキップ 粕屋CK '〇ねぎとろ細巻き' JAN 2505641000000.0
439. CK振出庫：複数レシピにマッチ、取込スキップ 粕屋CK '〇ねぎとろ細巻き' JAN 2505641000000.0
440. CK振出庫：複数レシピにマッチ、取込スキップ 粕屋CK '〇ねぎとろ細巻き' JAN 2505641000000.0
441. CK振出庫：複数レシピにマッチ、取込スキップ 粕屋CK '〇ねぎとろ細巻き' JAN 2505641000000.0
442. CK振出庫：複数レシピにマッチ、取込スキップ 粕屋CK '〇ねぎとろ細巻き' JAN 2505641000000.0
443. CK振出庫：複数レシピにマッチ、取込スキップ 粕屋CK '〇ねぎとろ細巻き' JAN 2505641000000.0
444. CK振出庫：複数レシピにマッチ、取込スキップ 粕屋CK '〇ねぎとろ細巻き' JAN 2505641000000.0
445. CK振出庫：複数レシピにマッチ、取込スキップ 粕屋CK '〇ねぎとろ細巻き' JAN 2505641000000.0
446. CK振出庫：複数レシピにマッチ、取込スキップ 粕屋CK '〇ねぎとろ細巻き' JAN 2505641000000.0
447. CK振出庫：複数レシピにマッチ、取込スキップ 粕屋CK '〇ねぎとろ細巻き' JAN 2505641000000.0
448. CK振出庫：複数レシピにマッチ、取込スキップ 粕屋CK '〇ねぎとろ細巻き' JAN 2505641000000.0
449. CK振出庫：複数レシピにマッチ、取込スキップ 粕屋CK '〇ねぎとろ細巻き' JAN 2505641000000.0
450. CK振出庫：複数レシピにマッチ、取込スキップ 粕屋CK '〇ねぎとろ細巻き' JAN 2505641000000.0
451. CK振出庫：複数レシピにマッチ、取込スキップ 粕屋CK '〇ねぎとろ細巻き' JAN 2505641000000.0
452. CK振出庫：複数レシピにマッチ、取込スキップ 粕屋CK '〇ねぎとろ細巻き' JAN 2505641000000.0
453. CK振出庫：複数レシピにマッチ、取込スキップ 粕屋CK '〇ねぎとろ細巻き' JAN 2505641000000.0
454. CK振出庫：複数レシピにマッチ、取込スキップ 粕屋CK '〇ねぎとろ細巻き' JAN 2505641000000.0
455. CK振出庫：複数レシピにマッチ、取込スキップ 粕屋CK '〇ねぎとろ細巻き' JAN 2505641000000.0
456. CK振出庫：複数レシピにマッチ、取込スキップ 粕屋CK '〇ねぎとろ細巻き' JAN 2505641000000.0
457. CK振出庫：複数レシピにマッチ、取込スキップ 粕屋CK '〇ねぎとろ細巻き' JAN 2505641000000.0
458. CK振出庫：複数レシピにマッチ、取込スキップ 粕屋CK '〇ねぎとろ細巻き' JAN 2505641000000.0
459. CK振出庫：複数レシピにマッチ、取込スキップ 粕屋CK '〇ねぎとろ細巻き' JAN 2505641000000.0
460. CK振出庫：複数レシピにマッチ、取込スキップ 粕屋CK '〇ねぎとろ細巻き' JAN 2505641000000.0
461. CK振出庫：複数レシピにマッチ、取込スキップ 粕屋CK '〇ねぎとろ細巻き' JAN 2505641000000.0
462. CK振出庫：複数レシピにマッチ、取込スキップ 粕屋CK '〇ねぎとろ細巻き' JAN 2505641000000.0
463. CK振出庫：複数レシピにマッチ、取込スキップ 粕屋CK '〇ねぎとろ細巻き' JAN 2505641000000.0
464. CK振出庫：複数レシピにマッチ、取込スキップ 粕屋CK '〇ねぎとろ細巻き' JAN 2505641000000.0
465. CK振出庫：複数レシピにマッチ、取込スキップ 粕屋CK '〇ねぎとろ細巻き' JAN 2505641000000.0
466. CK振出庫：複数レシピにマッチ、取込スキップ 粕屋CK '〇ねぎとろ細巻き' JAN 2505641000000.0
467. CK振出庫：複数レシピにマッチ、取込スキップ 粕屋CK '〇ねぎとろ細巻き' JAN 2505641000000.0
468. CK振出庫：複数レシピにマッチ、取込スキップ 粕屋CK '〇ねぎとろ細巻き' JAN 2505641000000.0
469. CK振出庫：複数レシピにマッチ、取込スキップ 粕屋CK '〇ねぎとろ細巻き' JAN 2505641000000.0
470. CK振出庫：複数レシピにマッチ、取込スキップ 粕屋CK '〇ねぎとろ細巻き' JAN 2505641000000.0
471. CK振出庫：複数レシピにマッチ、取込スキップ 粕屋CK '〇ねぎとろ細巻き' JAN 2505641000000.0
472. CK振出庫：複数レシピにマッチ、取込スキップ 粕屋CK '〇ねぎとろ細巻き' JAN 2505641000000.0
473. CK振出庫：複数レシピにマッチ、取込スキップ 粕屋CK '〇ねぎとろ細巻き' JAN 2505641000000.0
474. CK振出庫：複数レシピにマッチ、取込スキップ 粕屋CK '〇ねぎとろ細巻き' JAN 2505641000000.0
475. CK振出庫：複数レシピにマッチ、取込スキップ 粕屋CK '〇ねぎとろ細巻き' JAN 2505641000000.0
476. CK振出庫：複数レシピにマッチ、取込スキップ 粕屋CK '〇ねぎとろ細巻き' JAN 2505641000000.0
477. CK振出庫：複数レシピにマッチ、取込スキップ 粕屋CK '〇ねぎとろ細巻き' JAN 2505641000000.0
478. CK振出庫：複数レシピにマッチ、取込スキップ 粕屋CK '〇ねぎとろ細巻き' JAN 2505641000000.0
479. CK振出庫：複数レシピにマッチ、取込スキップ 粕屋CK '〇ねぎとろ細巻き' JAN 2505641000000.0
480. CK振出庫：複数レシピにマッチ、取込スキップ 粕屋CK '〇ねぎとろ細巻き' JAN 2505641000000.0
481. CK振出庫：複数レシピにマッチ、取込スキップ 粕屋CK '〇ねぎとろ細巻き' JAN 2505641000000.0
482. CK振出庫：複数レシピにマッチ、取込スキップ 粕屋CK '〇ねぎとろ細巻き' JAN 2505641000000.0
483. CK振出庫：複数レシピにマッチ、取込スキップ 粕屋CK '〇ねぎとろ細巻き' JAN 2505641000000.0
484. CK振出庫：複数レシピにマッチ、取込スキップ 粕屋CK '〇ねぎとろ細巻き' JAN 2505641000000.0
485. CK振出庫：複数レシピにマッチ、取込スキップ 粕屋CK '〇ねぎとろ細巻き' JAN 2505641000000.0
486. CK振出庫：複数レシピにマッチ、取込スキップ 粕屋CK '〇ねぎとろ細巻き' JAN 2505641000000.0
487. CK振出庫：複数レシピにマッチ、取込スキップ 粕屋CK '〇ねぎとろ細巻き' JAN 2505641000000.0
488. CK振出庫：複数レシピにマッチ、取込スキップ 粕屋CK '〇ねぎとろ細巻き' JAN 2505641000000.0
489. CK振出庫：複数レシピにマッチ、取込スキップ 粕屋CK '〇ねぎとろ細巻き' JAN 2505641000000.0
490. CK振出庫：複数レシピにマッチ、取込スキップ 粕屋CK '〇いか梅しそ細巻き' JAN 2505642000000.0
491. CK振出庫：複数レシピにマッチ、取込スキップ 粕屋CK '〇いか梅しそ細巻き' JAN 2505642000000.0
492. CK振出庫：複数レシピにマッチ、取込スキップ 粕屋CK '〇いか梅しそ細巻き' JAN 2505642000000.0
493. CK振出庫：複数レシピにマッチ、取込スキップ 粕屋CK '〇いか梅しそ細巻き' JAN 2505642000000.0
494. CK振出庫：複数レシピにマッチ、取込スキップ 粕屋CK '〇いか梅しそ細巻き' JAN 2505642000000.0
495. CK振出庫：複数レシピにマッチ、取込スキップ 粕屋CK '〇いか梅しそ細巻き' JAN 2505642000000.0
496. CK振出庫：複数レシピにマッチ、取込スキップ 粕屋CK '〇いか梅しそ細巻き' JAN 2505642000000.0
497. CK振出庫：複数レシピにマッチ、取込スキップ 粕屋CK '〇いか梅しそ細巻き' JAN 2505642000000.0
498. CK振出庫：複数レシピにマッチ、取込スキップ 粕屋CK '〇いか梅しそ細巻き' JAN 2505642000000.0
499. CK振出庫：複数レシピにマッチ、取込スキップ 粕屋CK '〇いか梅しそ細巻き' JAN 2505642000000.0
500. CK振出庫：複数レシピにマッチ、取込スキップ 粕屋CK '〇いか梅しそ細巻き' JAN 2505642000000.0
501. CK振出庫：複数レシピにマッチ、取込スキップ 粕屋CK '〇いか梅しそ細巻き' JAN 2505642000000.0
502. CK振出庫：複数レシピにマッチ、取込スキップ 粕屋CK '〇いか梅しそ細巻き' JAN 2505642000000.0
503. CK振出庫：複数レシピにマッチ、取込スキップ 粕屋CK '〇いか梅しそ細巻き' JAN 2505642000000.0
504. CK振出庫：複数レシピにマッチ、取込スキップ 粕屋CK '〇いか梅しそ細巻き' JAN 2505642000000.0
505. CK振出庫：複数レシピにマッチ、取込スキップ 粕屋CK '〇いか梅しそ細巻き' JAN 2505642000000.0
506. CK振出庫：複数レシピにマッチ、取込スキップ 粕屋CK '〇いか梅しそ細巻き' JAN 2505642000000.0
507. CK振出庫：複数レシピにマッチ、取込スキップ 粕屋CK '〇いか梅しそ細巻き' JAN 2505642000000.0
508. CK振出庫：複数レシピにマッチ、取込スキップ 粕屋CK '〇いか梅しそ細巻き' JAN 2505642000000.0
509. CK振出庫：複数レシピにマッチ、取込スキップ 粕屋CK '〇いか梅しそ細巻き' JAN 2505642000000.0
510. CK振出庫：複数レシピにマッチ、取込スキップ 粕屋CK '〇いか梅しそ細巻き' JAN 2505642000000.0
511. CK振出庫：複数レシピにマッチ、取込スキップ 粕屋CK '〇いか梅しそ細巻き' JAN 2505642000000.0
512. CK振出庫：複数レシピにマッチ、取込スキップ 粕屋CK '〇いか梅しそ細巻き' JAN 2505642000000.0
513. CK振出庫：複数レシピにマッチ、取込スキップ 粕屋CK '〇いか梅しそ細巻き' JAN 2505642000000.0
514. CK振出庫：複数レシピにマッチ、取込スキップ 粕屋CK '〇いか梅しそ細巻き' JAN 2505642000000.0
515. CK振出庫：複数レシピにマッチ、取込スキップ 粕屋CK '〇いか梅しそ細巻き' JAN 2505642000000.0
516. CK振出庫：複数レシピにマッチ、取込スキップ 粕屋CK '〇いか梅しそ細巻き' JAN 2505642000000.0
517. CK振出庫：複数レシピにマッチ、取込スキップ 粕屋CK '〇いか梅しそ細巻き' JAN 2505642000000.0
518. CK振出庫：複数レシピにマッチ、取込スキップ 粕屋CK '〇いか梅しそ細巻き' JAN 2505642000000.0
519. CK振出庫：複数レシピにマッチ、取込スキップ 粕屋CK '〇いか梅しそ細巻き' JAN 2505642000000.0
520. CK振出庫：複数レシピにマッチ、取込スキップ 粕屋CK '〇いか梅しそ細巻き' JAN 2505642000000.0
521. CK振出庫：複数レシピにマッチ、取込スキップ 粕屋CK '〇いか梅しそ細巻き' JAN 2505642000000.0
522. CK振出庫：複数レシピにマッチ、取込スキップ 粕屋CK '〇いか梅しそ細巻き' JAN 2505642000000.0
523. CK振出庫：複数レシピにマッチ、取込スキップ 粕屋CK '〇いか梅しそ細巻き' JAN 2505642000000.0
524. CK振出庫：複数レシピにマッチ、取込スキップ 粕屋CK '〇いか梅しそ細巻き' JAN 2505642000000.0
525. CK振出庫：複数レシピにマッチ、取込スキップ 粕屋CK '〇いか梅しそ細巻き' JAN 2505642000000.0
526. CK振出庫：複数レシピにマッチ、取込スキップ 粕屋CK '〇いか梅しそ細巻き' JAN 2505642000000.0
527. CK振出庫：複数レシピにマッチ、取込スキップ 粕屋CK '〇いか梅しそ細巻き' JAN 2505642000000.0
528. CK振出庫：複数レシピにマッチ、取込スキップ 粕屋CK '〇いか梅しそ細巻き' JAN 2505642000000.0
529. CK振出庫：複数レシピにマッチ、取込スキップ 粕屋CK '〇いか梅しそ細巻き' JAN 2505642000000.0
530. CK振出庫：複数レシピにマッチ、取込スキップ 粕屋CK '〇いか梅しそ細巻き' JAN 2505642000000.0
531. CK振出庫：複数レシピにマッチ、取込スキップ 粕屋CK '〇いか梅しそ細巻き' JAN 2505642000000.0
532. CK振出庫：複数レシピにマッチ、取込スキップ 粕屋CK '〇いか梅しそ細巻き' JAN 2505642000000.0
533. CK振出庫：複数レシピにマッチ、取込スキップ 粕屋CK '〇いか梅しそ細巻き' JAN 2505642000000.0
534. CK振出庫：複数レシピにマッチ、取込スキップ 粕屋CK '〇いか梅しそ細巻き' JAN 2505642000000.0
535. CK振出庫：複数レシピにマッチ、取込スキップ 粕屋CK '〇いか梅しそ細巻き' JAN 2505642000000.0
536. CK振出庫：複数レシピにマッチ、取込スキップ 粕屋CK '〇いか梅しそ細巻き' JAN 2505642000000.0
537. CK振出庫：複数レシピにマッチ、取込スキップ 粕屋CK '〇いか梅しそ細巻き' JAN 2505642000000.0
538. CK振出庫：複数レシピにマッチ、取込スキップ 粕屋CK '〇いか梅しそ細巻き' JAN 2505642000000.0
539. CK振出庫：複数レシピにマッチ、取込スキップ 粕屋CK '〇いか梅しそ細巻き' JAN 2505642000000.0
540. CK振出庫：複数レシピにマッチ、取込スキップ 粕屋CK '〇いか梅しそ細巻き' JAN 2505642000000.0
541. CK振出庫：複数レシピにマッチ、取込スキップ 粕屋CK '〇いか梅しそ細巻き' JAN 2505642000000.0
542. CK振出庫：複数レシピにマッチ、取込スキップ 粕屋CK '〇いか梅しそ細巻き' JAN 2505642000000.0
543. CK振出庫：複数レシピにマッチ、取込スキップ 粕屋CK '〇いか梅しそ細巻き' JAN 2505642000000.0
544. CK振出庫：複数レシピにマッチ、取込スキップ 粕屋CK '〇いか梅しそ細巻き' JAN 2505642000000.0
545. CK振出庫：複数レシピにマッチ、取込スキップ 粕屋CK '〇いか梅しそ細巻き' JAN 2505642000000.0
546. CK振出庫：複数レシピにマッチ、取込スキップ 粕屋CK '〇いか梅しそ細巻き' JAN 2505642000000.0
547. CK振出庫：複数レシピにマッチ、取込スキップ 粕屋CK '〇いか梅しそ細巻き' JAN 2505642000000.0
548. CK振出庫：複数レシピにマッチ、取込スキップ 粕屋CK '〇いか梅しそ細巻き' JAN 2505642000000.0
549. CK振出庫：複数レシピにマッチ、取込スキップ 粕屋CK '〇いか梅しそ細巻き' JAN 2505642000000.0
550. CK振出庫：複数レシピにマッチ、取込スキップ 粕屋CK '〇いか梅しそ細巻き' JAN 2505642000000.0
551. CK振出庫：複数レシピにマッチ、取込スキップ 粕屋CK '〇いか梅しそ細巻き' JAN 2505642000000.0
552. CK振出庫：複数レシピにマッチ、取込スキップ 粕屋CK '〇いか梅しそ細巻き' JAN 2505642000000.0
553. CK振出庫：複数レシピにマッチ、取込スキップ 粕屋CK '〇いか梅しそ細巻き' JAN 2505642000000.0
554. CK振出庫：複数レシピにマッチ、取込スキップ 粕屋CK '〇いか梅しそ細巻き' JAN 2505642000000.0
555. CK振出庫：複数レシピにマッチ、取込スキップ 粕屋CK '〇いか梅しそ細巻き' JAN 2505642000000.0
556. CK振出庫：複数レシピにマッチ、取込スキップ 粕屋CK '〇いか梅しそ細巻き' JAN 2505642000000.0
557. CK振出庫：複数レシピにマッチ、取込スキップ 粕屋CK '〇いか梅しそ細巻き' JAN 2505642000000.0
558. CK振出庫：複数レシピにマッチ、取込スキップ 粕屋CK '〇いか梅しそ細巻き' JAN 2505642000000.0
559. CK振出庫：複数レシピにマッチ、取込スキップ 粕屋CK '〇いか梅しそ細巻き' JAN 2505642000000.0
560. CK振出庫：複数レシピにマッチ、取込スキップ 粕屋CK '〇いか梅しそ細巻き' JAN 2505642000000.0
561. CK振出庫：複数レシピにマッチ、取込スキップ 粕屋CK '〇いか梅しそ細巻き' JAN 2505642000000.0
562. CK振出庫：複数レシピにマッチ、取込スキップ 粕屋CK '〇いか梅しそ細巻き' JAN 2505642000000.0
563. CK振出庫：複数レシピにマッチ、取込スキップ 粕屋CK '〇いか梅しそ細巻き' JAN 2505642000000.0
564. CK振出庫：複数レシピにマッチ、取込スキップ 粕屋CK '〇いか梅しそ細巻き' JAN 2505642000000.0
565. CK振出庫：複数レシピにマッチ、取込スキップ 粕屋CK '〇いか梅しそ細巻き' JAN 2505642000000.0
566. CK振出庫：複数レシピにマッチ、取込スキップ 粕屋CK '〇いか梅しそ細巻き' JAN 2505642000000.0
567. CK振出庫：複数レシピにマッチ、取込スキップ 粕屋CK '〇いか梅しそ細巻き' JAN 2505642000000.0
568. CK振出庫：複数レシピにマッチ、取込スキップ 粕屋CK '〇いか梅しそ細巻き' JAN 2505642000000.0
569. CK振出庫：複数レシピにマッチ、取込スキップ 粕屋CK '〇いか梅しそ細巻き' JAN 2505642000000.0
570. CK振出庫：複数レシピにマッチ、取込スキップ 粕屋CK '〇いか梅しそ細巻き' JAN 2505642000000.0
571. CK振出庫：複数レシピにマッチ、取込スキップ 粕屋CK '〇いか梅しそ細巻き' JAN 2505642000000.0
572. CK振出庫：複数レシピにマッチ、取込スキップ 粕屋CK '〇いか梅しそ細巻き' JAN 2505642000000.0
573. CK振出庫：複数レシピにマッチ、取込スキップ 粕屋CK '〇いか梅しそ細巻き' JAN 2505642000000.0
574. CK振出庫：複数レシピにマッチ、取込スキップ 粕屋CK '〇いか梅しそ細巻き' JAN 2505642000000.0
575. CK振出庫：複数レシピにマッチ、取込スキップ 粕屋CK '〇いか梅しそ細巻き' JAN 2505642000000.0
576. CK振出庫：複数レシピにマッチ、取込スキップ 粕屋CK '〇いか梅しそ細巻き' JAN 2505642000000.0
577. CK振出庫：複数レシピにマッチ、取込スキップ 粕屋CK '〇いか梅しそ細巻き' JAN 2505642000000.0
578. CK振出庫：複数レシピにマッチ、取込スキップ 粕屋CK '〇いか梅しそ細巻き' JAN 2505642000000.0
579. CK振出庫：複数レシピにマッチ、取込スキップ 粕屋CK '〇いか梅しそ細巻き' JAN 2505642000000.0
580. CK振出庫：複数レシピにマッチ、取込スキップ 粕屋CK '〇いか梅しそ細巻き' JAN 2505642000000.0
581. CK振出庫：複数レシピにマッチ、取込スキップ 粕屋CK '〇いか梅しそ細巻き' JAN 2505642000000.0
582. CK振出庫：複数レシピにマッチ、取込スキップ 粕屋CK '〇いか梅しそ細巻き' JAN 2505642000000.0
583. CK振出庫：複数レシピにマッチ、取込スキップ 粕屋CK '〇いか梅しそ細巻き' JAN 2505642000000.0
584. CK振出庫：複数レシピにマッチ、取込スキップ 粕屋CK '〇いか梅しそ細巻き' JAN 2505642000000.0
585. CK振出庫：複数レシピにマッチ、取込スキップ 粕屋CK '〇いか梅しそ細巻き' JAN 2505642000000.0
586. CK振出庫：複数レシピにマッチ、取込スキップ 粕屋CK '〇いか梅しそ細巻き' JAN 2505642000000.0
587. CK振出庫：複数レシピにマッチ、取込スキップ 粕屋CK '〇いか梅しそ細巻き' JAN 2505642000000.0
588. CK振出庫：複数レシピにマッチ、取込スキップ 粕屋CK '〇いか梅しそ細巻き' JAN 2505642000000.0
589. CK振出庫：複数レシピにマッチ、取込スキップ 粕屋CK '〇いか梅しそ細巻き' JAN 2505642000000.0
590. CK振出庫：複数レシピにマッチ、取込スキップ 粕屋CK '〇いか梅しそ細巻き' JAN 2505642000000.0
591. CK振出庫：複数レシピにマッチ、取込スキップ 粕屋CK '〇いか梅しそ細巻き' JAN 2505642000000.0
592. CK振出庫：複数レシピにマッチ、取込スキップ 粕屋CK '〇いか梅しそ細巻き' JAN 2505642000000.0
593. CK振出庫：複数レシピにマッチ、取込スキップ 粕屋CK '〇いか梅しそ細巻き' JAN 2505642000000.0
594. CK振出庫：複数レシピにマッチ、取込スキップ 粕屋CK '〇いか梅しそ細巻き' JAN 2505642000000.0
595. CK振出庫：複数レシピにマッチ、取込スキップ 粕屋CK '〇いか梅しそ細巻き' JAN 2505642000000.0
596. CK振出庫：複数レシピにマッチ、取込スキップ 粕屋CK '〇いか梅しそ細巻き' JAN 2505642000000.0
597. CK振出庫：複数レシピにマッチ、取込スキップ 粕屋CK '〇いか梅しそ細巻き' JAN 2505642000000.0
598. CK振出庫：複数レシピにマッチ、取込スキップ 粕屋CK '〇いか梅しそ細巻き' JAN 2505642000000.0
599. CK振出庫：複数レシピにマッチ、取込スキップ 粕屋CK '〇いか梅しそ細巻き' JAN 2505642000000.0
600. CK振出庫：複数レシピにマッチ、取込スキップ 粕屋CK '〇いか梅しそ細巻き' JAN 2505642000000.0
601. CK振出庫：複数レシピにマッチ、取込スキップ 粕屋CK '〇いか梅しそ細巻き' JAN 2505642000000.0
602. CK振出庫：複数レシピにマッチ、取込スキップ 粕屋CK '〇いか梅しそ細巻き' JAN 2505642000000.0
603. CK振出庫：複数レシピにマッチ、取込スキップ 粕屋CK '〇いか梅しそ細巻き' JAN 2505642000000.0
604. CK振出庫：複数レシピにマッチ、取込スキップ 粕屋CK '〇いか梅しそ細巻き' JAN 2505642000000.0
605. CK振出庫：複数レシピにマッチ、取込スキップ 粕屋CK '〇いか梅しそ細巻き' JAN 2505642000000.0
606. CK振出庫：複数レシピにマッチ、取込スキップ 粕屋CK '〇１／２ポンド海鮮漬け巻' JAN 2506600000000.0
607. CK振出庫：複数レシピにマッチ、取込スキップ 粕屋CK '〇１／２ポンド海鮮漬け巻' JAN 2506600000000.0
608. CK振出庫：複数レシピにマッチ、取込スキップ 粕屋CK '〇１／２ポンド海鮮漬け巻' JAN 2506600000000.0
609. CK振出庫：複数レシピにマッチ、取込スキップ 粕屋CK '〇１／２ポンド海鮮漬け巻' JAN 2506600000000.0
610. CK振出庫：複数レシピにマッチ、取込スキップ 粕屋CK '〇１／２ポンド海鮮漬け巻' JAN 2506600000000.0
611. CK振出庫：複数レシピにマッチ、取込スキップ 粕屋CK '〇１／２ポンド海鮮漬け巻' JAN 2506600000000.0
612. CK振出庫：複数レシピにマッチ、取込スキップ 粕屋CK '〇１／２ポンド海鮮漬け巻' JAN 2506600000000.0
613. CK振出庫：複数レシピにマッチ、取込スキップ 粕屋CK '〇１／２ポンド海鮮漬け巻' JAN 2506600000000.0
614. CK振出庫：複数レシピにマッチ、取込スキップ 粕屋CK '〇１／２ポンド海鮮漬け巻' JAN 2506600000000.0
615. CK振出庫：複数レシピにマッチ、取込スキップ 粕屋CK '〇１／２ポンド海鮮漬け巻' JAN 2506600000000.0
616. CK振出庫：複数レシピにマッチ、取込スキップ 粕屋CK '〇１／２ポンド海鮮漬け巻' JAN 2506600000000.0
617. CK振出庫：複数レシピにマッチ、取込スキップ 粕屋CK '〇１／２ポンド海鮮漬け巻' JAN 2506600000000.0
618. CK振出庫：複数レシピにマッチ、取込スキップ 粕屋CK '〇１／２ポンド海鮮漬け巻' JAN 2506600000000.0
619. CK振出庫：複数レシピにマッチ、取込スキップ 粕屋CK '〇１／２ポンド海鮮漬け巻' JAN 2506600000000.0
620. CK振出庫：複数レシピにマッチ、取込スキップ 粕屋CK '〇１／２ポンド海鮮漬け巻' JAN 2506600000000.0
621. CK振出庫：複数レシピにマッチ、取込スキップ 粕屋CK '〇１／２ポンド海鮮漬け巻' JAN 2506600000000.0
622. CK振出庫：複数レシピにマッチ、取込スキップ 粕屋CK '〇ねぎとろ巻き' JAN 2506771000000.0
623. CK振出庫：複数レシピにマッチ、取込スキップ 粕屋CK '〇ねぎとろ巻き' JAN 2506771000000.0
624. CK振出庫：複数レシピにマッチ、取込スキップ 粕屋CK '〇ねぎとろ巻き' JAN 2506771000000.0
625. CK振出庫：複数レシピにマッチ、取込スキップ 粕屋CK '〇ねぎとろ巻き' JAN 2506771000000.0
626. CK振出庫：複数レシピにマッチ、取込スキップ 粕屋CK '〇ねぎとろ巻き' JAN 2506771000000.0
627. CK振出庫：複数レシピにマッチ、取込スキップ 粕屋CK '〇ねぎとろ巻き' JAN 2506771000000.0
628. CK振出庫：複数レシピにマッチ、取込スキップ 粕屋CK '〇ねぎとろ巻き' JAN 2506771000000.0
629. CK振出庫：複数レシピにマッチ、取込スキップ 粕屋CK '〇ねぎとろ巻き' JAN 2506771000000.0
630. CK振出庫：複数レシピにマッチ、取込スキップ 粕屋CK '〇ねぎとろ巻き' JAN 2506771000000.0
631. CK振出庫：複数レシピにマッチ、取込スキップ 粕屋CK '〇ねぎとろ巻き' JAN 2506771000000.0
632. CK振出庫：複数レシピにマッチ、取込スキップ 粕屋CK '〇ねぎとろ巻き' JAN 2506771000000.0
633. CK振出庫：複数レシピにマッチ、取込スキップ 粕屋CK '〇ねぎとろ巻き' JAN 2506771000000.0
634. CK振出庫：複数レシピにマッチ、取込スキップ 粕屋CK '〇ねぎとろ巻き' JAN 2506771000000.0
635. CK振出庫：複数レシピにマッチ、取込スキップ 粕屋CK '〇ねぎとろ巻き' JAN 2506771000000.0
636. CK振出庫：複数レシピにマッチ、取込スキップ 粕屋CK '〇ねぎとろ巻き' JAN 2506771000000.0
637. CK振出庫：複数レシピにマッチ、取込スキップ 粕屋CK '〇ねぎとろ巻き' JAN 2506771000000.0
638. CK振出庫：複数レシピにマッチ、取込スキップ 粕屋CK '〇ねぎとろ巻き' JAN 2506771000000.0
639. CK振出庫：複数レシピにマッチ、取込スキップ 粕屋CK '〇ねぎとろ巻き' JAN 2506771000000.0
640. CK振出庫：複数レシピにマッチ、取込スキップ 粕屋CK '〇ねぎとろ巻き' JAN 2506771000000.0
641. CK振出庫：複数レシピにマッチ、取込スキップ 粕屋CK '〇ねぎとろ巻き' JAN 2506771000000.0
642. CK振出庫：複数レシピにマッチ、取込スキップ 粕屋CK '〇ねぎとろ巻き' JAN 2506771000000.0
643. CK振出庫：複数レシピにマッチ、取込スキップ 粕屋CK '〇ねぎとろ巻き' JAN 2506771000000.0
644. CK振出庫：複数レシピにマッチ、取込スキップ 粕屋CK '〇ねぎとろ巻き' JAN 2506771000000.0
645. CK振出庫：複数レシピにマッチ、取込スキップ 粕屋CK '〇ねぎとろ巻き' JAN 2506771000000.0
646. CK振出庫：複数レシピにマッチ、取込スキップ 粕屋CK '〇ねぎとろ巻き' JAN 2506771000000.0
647. CK振出庫：複数レシピにマッチ、取込スキップ 粕屋CK '〇ねぎとろ巻き' JAN 2506771000000.0
648. CK振出庫：複数レシピにマッチ、取込スキップ 粕屋CK '〇ねぎとろ巻き' JAN 2506771000000.0
649. CK振出庫：複数レシピにマッチ、取込スキップ 粕屋CK '〇ねぎとろ巻き' JAN 2506771000000.0
650. CK振出庫：複数レシピにマッチ、取込スキップ 粕屋CK '〇ねぎとろ巻き' JAN 2506771000000.0
651. CK振出庫：複数レシピにマッチ、取込スキップ 粕屋CK '〇ねぎとろ巻き' JAN 2506771000000.0
652. CK振出庫：複数レシピにマッチ、取込スキップ 粕屋CK '〇ねぎとろ巻き' JAN 2506771000000.0
653. CK振出庫：複数レシピにマッチ、取込スキップ 粕屋CK '〇ねぎとろ巻き' JAN 2506771000000.0
654. CK振出庫：複数レシピにマッチ、取込スキップ 粕屋CK '〇ねぎとろ巻き' JAN 2506771000000.0
655. CK振出庫：複数レシピにマッチ、取込スキップ 粕屋CK '〇ねぎとろ巻き' JAN 2506771000000.0
656. CK振出庫：複数レシピにマッチ、取込スキップ 粕屋CK '〇ねぎとろ巻き' JAN 2506771000000.0
657. CK振出庫：複数レシピにマッチ、取込スキップ 粕屋CK '〇ねぎとろ巻き' JAN 2506771000000.0
658. CK振出庫：複数レシピにマッチ、取込スキップ 粕屋CK '〇ねぎとろ巻き' JAN 2506771000000.0
659. CK振出庫：複数レシピにマッチ、取込スキップ 粕屋CK '〇ねぎとろ巻き' JAN 2506771000000.0
660. CK振出庫：複数レシピにマッチ、取込スキップ 粕屋CK '〇ねぎとろ巻き' JAN 2506771000000.0
661. CK振出庫：複数レシピにマッチ、取込スキップ 粕屋CK '〇ねぎとろ巻き' JAN 2506771000000.0
662. CK振出庫：複数レシピにマッチ、取込スキップ 粕屋CK '〇ねぎとろ巻き' JAN 2506771000000.0
663. CK振出庫：複数レシピにマッチ、取込スキップ 粕屋CK '〇ねぎとろ巻き' JAN 2506771000000.0
664. CK振出庫：複数レシピにマッチ、取込スキップ 粕屋CK '〇ねぎとろ巻き' JAN 2506771000000.0
665. CK振出庫：複数レシピにマッチ、取込スキップ 粕屋CK '〇ねぎとろ巻き' JAN 2506771000000.0
666. CK振出庫：複数レシピにマッチ、取込スキップ 粕屋CK '〇ねぎとろ巻き' JAN 2506771000000.0
667. CK振出庫：複数レシピにマッチ、取込スキップ 粕屋CK '〇ねぎとろ巻き' JAN 2506771000000.0
668. CK振出庫：複数レシピにマッチ、取込スキップ 粕屋CK '〇ねぎとろ巻き' JAN 2506771000000.0
669. CK振出庫：複数レシピにマッチ、取込スキップ 粕屋CK '〇ねぎとろ巻き' JAN 2506771000000.0
670. CK振出庫：複数レシピにマッチ、取込スキップ 粕屋CK '〇ねぎとろ巻き' JAN 2506771000000.0
671. CK振出庫：複数レシピにマッチ、取込スキップ 粕屋CK '〇ねぎとろ巻き' JAN 2506771000000.0
672. CK振出庫：複数レシピにマッチ、取込スキップ 粕屋CK '〇ねぎとろ巻き' JAN 2506771000000.0
673. CK振出庫：複数レシピにマッチ、取込スキップ 粕屋CK '〇ねぎとろ巻き' JAN 2506771000000.0
674. CK振出庫：複数レシピにマッチ、取込スキップ 粕屋CK '〇ねぎとろ巻き' JAN 2506771000000.0
675. CK振出庫：複数レシピにマッチ、取込スキップ 粕屋CK '〇ねぎとろ巻き' JAN 2506771000000.0
676. CK振出庫：複数レシピにマッチ、取込スキップ 粕屋CK '〇ねぎとろ巻き' JAN 2506771000000.0
677. CK振出庫：複数レシピにマッチ、取込スキップ 粕屋CK '〇ねぎとろ巻き' JAN 2506771000000.0
678. CK振出庫：複数レシピにマッチ、取込スキップ 粕屋CK '〇ねぎとろ巻き' JAN 2506771000000.0
679. CK振出庫：複数レシピにマッチ、取込スキップ 粕屋CK '〇ねぎとろ巻き' JAN 2506771000000.0
680. CK振出庫：複数レシピにマッチ、取込スキップ 粕屋CK '〇ねぎとろ巻き' JAN 2506771000000.0
681. CK振出庫：複数レシピにマッチ、取込スキップ 粕屋CK '〇ねぎとろ巻き' JAN 2506771000000.0
682. CK振出庫：複数レシピにマッチ、取込スキップ 粕屋CK '〇ねぎとろ巻き' JAN 2506771000000.0
683. CK振出庫：複数レシピにマッチ、取込スキップ 粕屋CK '〇ねぎとろ巻き' JAN 2506771000000.0
684. CK振出庫：複数レシピにマッチ、取込スキップ 粕屋CK '〇ねぎとろ巻き' JAN 2506771000000.0
685. CK振出庫：複数レシピにマッチ、取込スキップ 粕屋CK '〇ねぎとろ巻き' JAN 2506771000000.0
686. CK振出庫：複数レシピにマッチ、取込スキップ 粕屋CK '〇ねぎとろ巻き' JAN 2506771000000.0
687. CK振出庫：複数レシピにマッチ、取込スキップ 粕屋CK '〇ねぎとろ巻き' JAN 2506771000000.0
688. CK振出庫：複数レシピにマッチ、取込スキップ 粕屋CK '〇ねぎとろ巻き' JAN 2506771000000.0
689. CK振出庫：複数レシピにマッチ、取込スキップ 粕屋CK '〇ねぎとろ巻き' JAN 2506771000000.0
690. CK振出庫：複数レシピにマッチ、取込スキップ 粕屋CK '〇ねぎとろ巻き' JAN 2506771000000.0
691. CK振出庫：複数レシピにマッチ、取込スキップ 粕屋CK '〇ねぎとろ巻き' JAN 2506771000000.0
692. CK振出庫：複数レシピにマッチ、取込スキップ 粕屋CK '〇ねぎとろ巻き' JAN 2506771000000.0
693. CK振出庫：複数レシピにマッチ、取込スキップ 粕屋CK '〇ねぎとろ巻き' JAN 2506771000000.0
694. CK振出庫：複数レシピにマッチ、取込スキップ 粕屋CK '〇ねぎとろ巻き' JAN 2506771000000.0
695. CK振出庫：複数レシピにマッチ、取込スキップ 粕屋CK '〇ねぎとろ巻き' JAN 2506771000000.0
696. CK振出庫：複数レシピにマッチ、取込スキップ 粕屋CK '〇ねぎとろ巻き' JAN 2506771000000.0
697. CK振出庫：複数レシピにマッチ、取込スキップ 粕屋CK '〇ねぎとろ巻き' JAN 2506771000000.0
698. CK振出庫：複数レシピにマッチ、取込スキップ 粕屋CK '〇ねぎとろ巻き' JAN 2506771000000.0
699. CK振出庫：複数レシピにマッチ、取込スキップ 粕屋CK '〇ねぎとろ巻き' JAN 2506771000000.0
700. CK振出庫：複数レシピにマッチ、取込スキップ 粕屋CK '〇ねぎとろ巻き' JAN 2506771000000.0
701. CK振出庫：複数レシピにマッチ、取込スキップ 粕屋CK '〇ねぎとろ巻き' JAN 2506771000000.0
702. CK振出庫：複数レシピにマッチ、取込スキップ 粕屋CK '〇ねぎとろ巻き' JAN 2506771000000.0
703. CK振出庫：複数レシピにマッチ、取込スキップ 粕屋CK '〇ねぎとろ巻き' JAN 2506771000000.0
704. CK振出庫：複数レシピにマッチ、取込スキップ 粕屋CK '〇ねぎとろ巻き' JAN 2506771000000.0
705. CK振出庫：複数レシピにマッチ、取込スキップ 粕屋CK '〇ねぎとろ巻き' JAN 2506771000000.0
706. CK振出庫：複数レシピにマッチ、取込スキップ 粕屋CK '〇ねぎとろ巻き' JAN 2506771000000.0
707. CK振出庫：複数レシピにマッチ、取込スキップ 粕屋CK '〇ねぎとろ巻き' JAN 2506771000000.0
708. CK振出庫：複数レシピにマッチ、取込スキップ 粕屋CK '〇ねぎとろ巻き' JAN 2506771000000.0
709. CK振出庫：複数レシピにマッチ、取込スキップ 粕屋CK '〇ねぎとろ巻き' JAN 2506771000000.0
710. CK振出庫：複数レシピにマッチ、取込スキップ 粕屋CK '〇ねぎとろ巻き' JAN 2506771000000.0
711. CK振出庫：複数レシピにマッチ、取込スキップ 粕屋CK '〇ねぎとろ巻き' JAN 2506771000000.0
712. CK振出庫：複数レシピにマッチ、取込スキップ 粕屋CK '〇ねぎとろ巻き' JAN 2506771000000.0
713. CK振出庫：複数レシピにマッチ、取込スキップ 粕屋CK '〇ねぎとろ巻き' JAN 2506771000000.0
714. CK振出庫：複数レシピにマッチ、取込スキップ 粕屋CK '〇ねぎとろ巻き' JAN 2506771000000.0
715. CK振出庫：複数レシピにマッチ、取込スキップ 粕屋CK '〇ねぎとろ巻き' JAN 2506771000000.0
716. CK振出庫：複数レシピにマッチ、取込スキップ 粕屋CK '〇ねぎとろ巻き' JAN 2506771000000.0
717. CK振出庫：複数レシピにマッチ、取込スキップ 粕屋CK '〇ねぎとろ巻き' JAN 2506771000000.0
718. CK振出庫：複数レシピにマッチ、取込スキップ 粕屋CK '〇ねぎとろ巻き' JAN 2506771000000.0
719. CK振出庫：複数レシピにマッチ、取込スキップ 粕屋CK '〇ねぎとろ巻き' JAN 2506771000000.0
720. CK振出庫：複数レシピにマッチ、取込スキップ 粕屋CK '〇ねぎとろ巻き' JAN 2506771000000.0
721. CK振出庫：複数レシピにマッチ、取込スキップ 粕屋CK '〇ねぎとろ巻き' JAN 2506771000000.0
722. CK振出庫：複数レシピにマッチ、取込スキップ 粕屋CK '〇ねぎとろ巻き' JAN 2506771000000.0
723. CK振出庫：複数レシピにマッチ、取込スキップ 粕屋CK '〇ねぎとろ巻き' JAN 2506771000000.0
724. CK振出庫：複数レシピにマッチ、取込スキップ 粕屋CK '〇ねぎとろ巻き' JAN 2506771000000.0
725. CK振出庫：複数レシピにマッチ、取込スキップ 粕屋CK '〇ねぎとろ巻き' JAN 2506771000000.0
726. CK振出庫：複数レシピにマッチ、取込スキップ 粕屋CK '〇まかない海鮮漬け丼・並盛' JAN 2510928000000.0
727. CK振出庫：複数レシピにマッチ、取込スキップ 粕屋CK '〇まかない海鮮漬け丼・並盛' JAN 2510928000000.0
728. CK振出庫：複数レシピにマッチ、取込スキップ 粕屋CK '〇まかない海鮮漬け丼・並盛' JAN 2510928000000.0
729. CK振出庫：複数レシピにマッチ、取込スキップ 粕屋CK '〇まかない海鮮漬け丼・並盛' JAN 2510928000000.0
730. CK振出庫：複数レシピにマッチ、取込スキップ 粕屋CK '〇まかない海鮮漬け丼・並盛' JAN 2510928000000.0
731. CK振出庫：複数レシピにマッチ、取込スキップ 粕屋CK '〇まかない海鮮漬け丼・並盛' JAN 2510928000000.0
732. CK振出庫：複数レシピにマッチ、取込スキップ 粕屋CK '〇まかない海鮮漬け丼・並盛' JAN 2510928000000.0
733. CK振出庫：複数レシピにマッチ、取込スキップ 粕屋CK '〇まかない海鮮漬け丼・並盛' JAN 2510928000000.0
734. CK振出庫：複数レシピにマッチ、取込スキップ 粕屋CK '〇まかない海鮮漬け丼・並盛' JAN 2510928000000.0
735. CK振出庫：複数レシピにマッチ、取込スキップ 粕屋CK '〇まかない海鮮漬け丼・並盛' JAN 2510928000000.0
736. CK振出庫：複数レシピにマッチ、取込スキップ 粕屋CK '〇まかない海鮮漬け丼・並盛' JAN 2510928000000.0
737. CK振出庫：複数レシピにマッチ、取込スキップ 粕屋CK '〇まかない海鮮漬け丼・並盛' JAN 2510928000000.0
738. CK振出庫：複数レシピにマッチ、取込スキップ 粕屋CK '〇まかない海鮮漬け丼・並盛' JAN 2510928000000.0
739. CK振出庫：複数レシピにマッチ、取込スキップ 粕屋CK '〇まかない海鮮漬け丼・並盛' JAN 2510928000000.0
740. CK振出庫：複数レシピにマッチ、取込スキップ 粕屋CK '〇まかない海鮮漬け丼・並盛' JAN 2510928000000.0
741. CK振出庫：複数レシピにマッチ、取込スキップ 粕屋CK '〇まかない海鮮漬け丼・並盛' JAN 2510928000000.0
742. CK振出庫：複数レシピにマッチ、取込スキップ 粕屋CK '〇まかない海鮮漬け丼・並盛' JAN 2510928000000.0
743. CK振出庫：複数レシピにマッチ、取込スキップ 粕屋CK '〇まかない海鮮漬け丼・並盛' JAN 2510928000000.0
744. CK振出庫：複数レシピにマッチ、取込スキップ 粕屋CK '〇まかない海鮮漬け丼・並盛' JAN 2510928000000.0
745. CK振出庫：複数レシピにマッチ、取込スキップ 粕屋CK '〇まかない海鮮漬け丼・並盛' JAN 2510928000000.0
746. CK振出庫：複数レシピにマッチ、取込スキップ 粕屋CK '〇まかない海鮮漬け丼・並盛' JAN 2510928000000.0
747. CK振出庫：複数レシピにマッチ、取込スキップ 粕屋CK '〇まかない海鮮漬け丼・並盛' JAN 2510928000000.0
748. CK振出庫：複数レシピにマッチ、取込スキップ 粕屋CK '〇まかない海鮮漬け丼・並盛' JAN 2510928000000.0
749. CK振出庫：複数レシピにマッチ、取込スキップ 粕屋CK '〇まかない海鮮漬け丼・並盛' JAN 2510928000000.0
750. CK振出庫：複数レシピにマッチ、取込スキップ 粕屋CK '〇まかない海鮮漬け丼・並盛' JAN 2510928000000.0
751. CK振出庫：複数レシピにマッチ、取込スキップ 粕屋CK '〇まかない海鮮漬け丼・並盛' JAN 2510928000000.0
752. CK振出庫：複数レシピにマッチ、取込スキップ 粕屋CK '〇まかない海鮮漬け丼・並盛' JAN 2510928000000.0
753. CK振出庫：複数レシピにマッチ、取込スキップ 粕屋CK '〇まかない海鮮漬け丼・並盛' JAN 2510928000000.0
754. CK振出庫：複数レシピにマッチ、取込スキップ 粕屋CK '〇まかない海鮮漬け丼・並盛' JAN 2510928000000.0
755. CK振出庫：複数レシピにマッチ、取込スキップ 粕屋CK '〇まかない海鮮漬け丼・並盛' JAN 2510928000000.0
756. CK振出庫：複数レシピにマッチ、取込スキップ 粕屋CK '〇まかない海鮮漬け丼・並盛' JAN 2510928000000.0
757. CK振出庫：複数レシピにマッチ、取込スキップ 粕屋CK '〇まかない海鮮漬け丼・並盛' JAN 2510928000000.0
758. CK振出庫：複数レシピにマッチ、取込スキップ 粕屋CK '〇まかない海鮮漬け丼・並盛' JAN 2510928000000.0
759. CK振出庫：複数レシピにマッチ、取込スキップ 粕屋CK '〇まかない海鮮漬け丼・並盛' JAN 2510928000000.0
760. CK振出庫：複数レシピにマッチ、取込スキップ 粕屋CK '〇まかない海鮮漬け丼・並盛' JAN 2510928000000.0
761. CK振出庫：複数レシピにマッチ、取込スキップ 粕屋CK '〇まかない海鮮漬け丼・並盛' JAN 2510928000000.0
762. CK振出庫：複数レシピにマッチ、取込スキップ 粕屋CK '〇まかない海鮮漬け丼・並盛' JAN 2510928000000.0
763. CK振出庫：複数レシピにマッチ、取込スキップ 粕屋CK '〇まかない海鮮漬け丼・並盛' JAN 2510928000000.0
764. CK振出庫：複数レシピにマッチ、取込スキップ 粕屋CK '〇まかない海鮮漬け丼・並盛' JAN 2510928000000.0
765. CK振出庫：複数レシピにマッチ、取込スキップ 粕屋CK '〇まかない海鮮漬け丼・並盛' JAN 2510928000000.0
766. CK振出庫：複数レシピにマッチ、取込スキップ 粕屋CK '〇まかない海鮮漬け丼・並盛' JAN 2510928000000.0
767. CK振出庫：複数レシピにマッチ、取込スキップ 粕屋CK '〇まかない海鮮漬け丼・並盛' JAN 2510928000000.0
768. CK振出庫：複数レシピにマッチ、取込スキップ 粕屋CK '〇まかない海鮮漬け丼・並盛' JAN 2510928000000.0
769. CK振出庫：複数レシピにマッチ、取込スキップ 粕屋CK '〇まかない海鮮漬け丼・並盛' JAN 2510928000000.0
770. CK振出庫：複数レシピにマッチ、取込スキップ 粕屋CK '〇まかない海鮮漬け丼・並盛' JAN 2510928000000.0
771. CK振出庫：複数レシピにマッチ、取込スキップ 粕屋CK '〇まかない海鮮漬け丼・並盛' JAN 2510928000000.0
772. CK振出庫：複数レシピにマッチ、取込スキップ 粕屋CK '〇まかない海鮮漬け丼・並盛' JAN 2510928000000.0
773. CK振出庫：複数レシピにマッチ、取込スキップ 粕屋CK '〇まかない海鮮漬け丼・並盛' JAN 2510928000000.0
774. CK振出庫：複数レシピにマッチ、取込スキップ 粕屋CK '〇まかない海鮮漬け丼・並盛' JAN 2510928000000.0
775. CK振出庫：複数レシピにマッチ、取込スキップ 粕屋CK '〇まかない海鮮漬け丼・並盛' JAN 2510928000000.0
776. CK振出庫：複数レシピにマッチ、取込スキップ 粕屋CK '〇まかない海鮮漬け丼・並盛' JAN 2510928000000.0
777. CK振出庫：複数レシピにマッチ、取込スキップ 粕屋CK '〇まかない海鮮漬け丼・並盛' JAN 2510928000000.0
778. CK振出庫：複数レシピにマッチ、取込スキップ 粕屋CK '〇まかない海鮮漬け丼・並盛' JAN 2510928000000.0
779. CK振出庫：複数レシピにマッチ、取込スキップ 粕屋CK '〇まかない海鮮漬け丼・並盛' JAN 2510928000000.0
780. CK振出庫：複数レシピにマッチ、取込スキップ 粕屋CK '〇まかない海鮮漬け丼・並盛' JAN 2510928000000.0
781. CK振出庫：複数レシピにマッチ、取込スキップ 粕屋CK '〇まかない海鮮漬け丼・並盛' JAN 2510928000000.0
782. CK振出庫：複数レシピにマッチ、取込スキップ 粕屋CK '〇まかない海鮮漬け丼・並盛' JAN 2510928000000.0
783. CK振出庫：複数レシピにマッチ、取込スキップ 粕屋CK '〇まかない海鮮漬け丼・並盛' JAN 2510928000000.0
784. CK振出庫：複数レシピにマッチ、取込スキップ 粕屋CK '〇まかない海鮮漬け丼・並盛' JAN 2510928000000.0
785. CK振出庫：複数レシピにマッチ、取込スキップ 粕屋CK '〇まかない海鮮漬け丼・並盛' JAN 2510928000000.0
786. CK振出庫：複数レシピにマッチ、取込スキップ 粕屋CK '〇まかない海鮮漬け丼・並盛' JAN 2510928000000.0
787. CK振出庫：複数レシピにマッチ、取込スキップ 粕屋CK '〇まかない海鮮漬け丼・並盛' JAN 2510928000000.0
788. CK振出庫：複数レシピにマッチ、取込スキップ 粕屋CK '〇まかない海鮮漬け丼・並盛' JAN 2510928000000.0
789. CK振出庫：複数レシピにマッチ、取込スキップ 粕屋CK '〇まかない海鮮漬け丼・並盛' JAN 2510928000000.0
790. CK振出庫：複数レシピにマッチ、取込スキップ 粕屋CK '〇まかない海鮮漬け丼・並盛' JAN 2510928000000.0
791. CK振出庫：複数レシピにマッチ、取込スキップ 粕屋CK '〇まかない海鮮漬け丼・並盛' JAN 2510928000000.0
792. CK振出庫：複数レシピにマッチ、取込スキップ 粕屋CK '〇まかない海鮮漬け丼・並盛' JAN 2510928000000.0
793. CK振出庫：複数レシピにマッチ、取込スキップ 粕屋CK '〇まかない海鮮漬け丼・並盛' JAN 2510928000000.0
794. CK振出庫：複数レシピにマッチ、取込スキップ 粕屋CK '〇まかない海鮮漬け丼・並盛' JAN 2510928000000.0
795. CK振出庫：複数レシピにマッチ、取込スキップ 粕屋CK '〇まかない海鮮漬け丼・並盛' JAN 2510928000000.0
796. CK振出庫：複数レシピにマッチ、取込スキップ 粕屋CK '〇まかない海鮮漬け丼・並盛' JAN 2510928000000.0
797. CK振出庫：複数レシピにマッチ、取込スキップ 粕屋CK '〇まかない海鮮漬け丼・並盛' JAN 2510928000000.0
798. CK振出庫：複数レシピにマッチ、取込スキップ 粕屋CK '〇まかない海鮮漬け丼・並盛' JAN 2510928000000.0
799. CK振出庫：複数レシピにマッチ、取込スキップ 粕屋CK '〇まかない海鮮漬け丼・並盛' JAN 2510928000000.0
800. CK振出庫：複数レシピにマッチ、取込スキップ 粕屋CK '〇まかない海鮮漬け丼・並盛' JAN 2510928000000.0
801. CK振出庫：複数レシピにマッチ、取込スキップ 粕屋CK '〇まかない海鮮漬け丼・並盛' JAN 2510928000000.0
802. CK振出庫：複数レシピにマッチ、取込スキップ 粕屋CK '〇まかない海鮮漬け丼・並盛' JAN 2510928000000.0
803. CK振出庫：複数レシピにマッチ、取込スキップ 粕屋CK '〇まかない海鮮漬け丼・並盛' JAN 2510928000000.0
804. CK振出庫：複数レシピにマッチ、取込スキップ 粕屋CK '〇まかない海鮮漬け丼・並盛' JAN 2510928000000.0
805. CK振出庫：複数レシピにマッチ、取込スキップ 粕屋CK '〇まかない海鮮漬け丼・並盛' JAN 2510928000000.0
806. CK振出庫：複数レシピにマッチ、取込スキップ 粕屋CK '〇まかない海鮮漬け丼・並盛' JAN 2510928000000.0
807. CK振出庫：複数レシピにマッチ、取込スキップ 粕屋CK '〇まかない海鮮漬け丼・並盛' JAN 2510928000000.0
808. CK振出庫：複数レシピにマッチ、取込スキップ 粕屋CK '〇まかない海鮮漬け丼・並盛' JAN 2510928000000.0
809. CK振出庫：複数レシピにマッチ、取込スキップ 粕屋CK '〇まかない海鮮漬け丼・並盛' JAN 2510928000000.0
810. CK振出庫：複数レシピにマッチ、取込スキップ 粕屋CK '〇まかない海鮮漬け丼・並盛' JAN 2510928000000.0
811. CK振出庫：複数レシピにマッチ、取込スキップ 粕屋CK '〇まかない海鮮漬け丼・並盛' JAN 2510928000000.0
812. CK振出庫：複数レシピにマッチ、取込スキップ 粕屋CK '〇まかない海鮮漬け丼・並盛' JAN 2510928000000.0
813. CK振出庫：複数レシピにマッチ、取込スキップ 粕屋CK '〇まかない海鮮漬け丼・並盛' JAN 2510928000000.0
814. CK振出庫：複数レシピにマッチ、取込スキップ 粕屋CK '〇まかない海鮮漬け丼・並盛' JAN 2510928000000.0
815. CK振出庫：複数レシピにマッチ、取込スキップ 粕屋CK '〇まかない海鮮漬け丼・並盛' JAN 2510928000000.0
816. CK振出庫：複数レシピにマッチ、取込スキップ 粕屋CK '〇まかない海鮮漬け丼・並盛' JAN 2510928000000.0
817. CK振出庫：複数レシピにマッチ、取込スキップ 粕屋CK '〇まかない海鮮漬け丼・並盛' JAN 2510928000000.0
818. CK振出庫：複数レシピにマッチ、取込スキップ 粕屋CK '〇まかない海鮮漬け丼・並盛' JAN 2510928000000.0
819. CK振出庫：複数レシピにマッチ、取込スキップ 粕屋CK '〇まかない海鮮漬け丼・並盛' JAN 2510928000000.0
820. CK振出庫：複数レシピにマッチ、取込スキップ 粕屋CK '〇まかない海鮮漬け丼・並盛' JAN 2510928000000.0
821. CK振出庫：複数レシピにマッチ、取込スキップ 粕屋CK '〇まかない海鮮漬け丼・並盛' JAN 2510928000000.0
822. CK振出庫：複数レシピにマッチ、取込スキップ 粕屋CK '〇まかない海鮮漬け丼・並盛' JAN 2510928000000.0
823. CK振出庫：複数レシピにマッチ、取込スキップ 粕屋CK '〇まかない海鮮漬け丼・並盛' JAN 2510928000000.0
824. CK振出庫：複数レシピにマッチ、取込スキップ 粕屋CK '〇まかない海鮮漬け丼・並盛' JAN 2510928000000.0
825. CK振出庫：複数レシピにマッチ、取込スキップ 粕屋CK '〇まかない海鮮漬け丼・並盛' JAN 2510928000000.0
826. CK振出庫：複数レシピにマッチ、取込スキップ 粕屋CK '〇まかない海鮮漬け丼・並盛' JAN 2510928000000.0
827. CK振出庫：複数レシピにマッチ、取込スキップ 粕屋CK '〇まかない海鮮漬け丼・並盛' JAN 2510928000000.0
828. CK振出庫：複数レシピにマッチ、取込スキップ 粕屋CK '〇まかない海鮮漬け丼・並盛' JAN 2510928000000.0
829. CK振出庫：複数レシピにマッチ、取込スキップ 粕屋CK '〇まかない海鮮漬け丼・並盛' JAN 2510928000000.0
830. CK振出庫：複数レシピにマッチ、取込スキップ 粕屋CK '〇まかない海鮮漬け丼・並盛' JAN 2510928000000.0
831. CK振出庫：複数レシピにマッチ、取込スキップ 粕屋CK '〇まかない海鮮漬け丼・並盛' JAN 2510928000000.0
832. CK振出庫：複数レシピにマッチ、取込スキップ 粕屋CK '〇まかない海鮮漬け丼・並盛' JAN 2510928000000.0
833. CK振出庫：複数レシピにマッチ、取込スキップ 粕屋CK '〇まかない海鮮漬け丼・並盛' JAN 2510928000000.0
834. CK振出庫：複数レシピにマッチ、取込スキップ 粕屋CK '〇まかない海鮮漬け丼・並盛' JAN 2510928000000.0
835. CK振出庫：複数レシピにマッチ、取込スキップ 粕屋CK '〇まかない海鮮漬け丼・並盛' JAN 2510928000000.0
836. CK振出庫：複数レシピにマッチ、取込スキップ 粕屋CK '〇まかない海鮮漬け丼・並盛' JAN 2510928000000.0
837. CK振出庫：複数レシピにマッチ、取込スキップ 粕屋CK '〇まかない海鮮漬け丼・並盛' JAN 2510928000000.0
838. CK振出庫：複数レシピにマッチ、取込スキップ 粕屋CK '〇まかない海鮮漬け丼・並盛' JAN 2510928000000.0
839. CK振出庫：複数レシピにマッチ、取込スキップ 粕屋CK '〇まかない海鮮漬け丼・並盛' JAN 2510928000000.0
840. CK振出庫：複数レシピにマッチ、取込スキップ 粕屋CK '〇まかない海鮮漬け丼・並盛' JAN 2510928000000.0
841. CK振出庫：複数レシピにマッチ、取込スキップ 粕屋CK '〇まかない海鮮漬け丼・並盛' JAN 2510928000000.0
842. CK振出庫：複数レシピにマッチ、取込スキップ 粕屋CK '〇まかない海鮮漬け丼・並盛' JAN 2510928000000.0
843. CK振出庫：複数レシピにマッチ、取込スキップ 粕屋CK '〇まかない海鮮漬け丼・並盛' JAN 2510928000000.0
844. CK振出庫：複数レシピにマッチ、取込スキップ 粕屋CK '〇まかない海鮮漬け丼・並盛' JAN 2510928000000.0
845. CK振出庫：複数レシピにマッチ、取込スキップ 粕屋CK '〇まかない海鮮漬け丼・並盛' JAN 2510928000000.0
846. CK振出庫：複数レシピにマッチ、取込スキップ 粕屋CK '〇まかない海鮮漬け丼・並盛' JAN 2510928000000.0
847. CK振出庫：複数レシピにマッチ、取込スキップ 粕屋CK '〇まかない海鮮漬け丼・並盛' JAN 2510928000000.0
848. CK振出庫：複数レシピにマッチ、取込スキップ 粕屋CK '〇まかない海鮮漬け丼・並盛' JAN 2510928000000.0
849. CK振出庫：複数レシピにマッチ、取込スキップ 粕屋CK '〇まかない海鮮漬け丼・並盛' JAN 2510928000000.0
850. CK振出庫：複数レシピにマッチ、取込スキップ 粕屋CK '〇まかない海鮮漬け丼・並盛' JAN 2510928000000.0
851. CK振出庫：複数レシピにマッチ、取込スキップ 粕屋CK '〇まかない海鮮漬け丼・並盛' JAN 2510928000000.0
852. CK振出庫：複数レシピにマッチ、取込スキップ 粕屋CK '〇まかない海鮮漬け丼・並盛' JAN 2510928000000.0
853. CK振出庫：複数レシピにマッチ、取込スキップ 粕屋CK '〇まかない海鮮漬け丼・並盛' JAN 2510928000000.0
854. CK振出庫：複数レシピにマッチ、取込スキップ 粕屋CK '〇まかない海鮮漬け丼・並盛' JAN 2510928000000.0
855. CK振出庫：複数レシピにマッチ、取込スキップ 粕屋CK '〇まかない海鮮漬け丼・並盛' JAN 2510928000000.0
856. CK振出庫：複数レシピにマッチ、取込スキップ 粕屋CK '〇まかない海鮮漬け丼・並盛' JAN 2510928000000.0
857. CK振出庫：複数レシピにマッチ、取込スキップ 粕屋CK '〇まかない海鮮漬け丼・並盛' JAN 2510928000000.0
858. CK振出庫：複数レシピにマッチ、取込スキップ 粕屋CK '〇まかない海鮮漬け丼・並盛' JAN 2510928000000.0
859. CK振出庫：複数レシピにマッチ、取込スキップ 粕屋CK '〇まかない海鮮漬け丼・並盛' JAN 2510928000000.0
860. CK振出庫：複数レシピにマッチ、取込スキップ 粕屋CK '〇まかない海鮮漬け丼・並盛' JAN 2510928000000.0
861. CK振出庫：複数レシピにマッチ、取込スキップ 粕屋CK '〇まかない海鮮漬け丼・並盛' JAN 2510928000000.0
862. CK振出庫：複数レシピにマッチ、取込スキップ 粕屋CK '〇まかない海鮮漬け丼・並盛' JAN 2510928000000.0
863. CK振出庫：複数レシピにマッチ、取込スキップ 粕屋CK '〇まかない海鮮漬け丼・並盛' JAN 2510928000000.0
864. CK振出庫：複数レシピにマッチ、取込スキップ 粕屋CK '〇まかない海鮮漬け丼・並盛' JAN 2510928000000.0
865. CK振出庫：複数レシピにマッチ、取込スキップ 粕屋CK '〇まかない海鮮漬け丼・並盛' JAN 2510928000000.0
866. CK振出庫：複数レシピにマッチ、取込スキップ 粕屋CK '〇まかない海鮮漬け丼・並盛' JAN 2510928000000.0
867. CK振出庫：複数レシピにマッチ、取込スキップ 粕屋CK '〇まかない海鮮漬け丼・並盛' JAN 2510928000000.0
868. CK振出庫：複数レシピにマッチ、取込スキップ 粕屋CK '〇まかない海鮮漬け丼・並盛' JAN 2510928000000.0
869. CK振出庫：複数レシピにマッチ、取込スキップ 粕屋CK '〇まかない海鮮漬け丼・並盛' JAN 2510928000000.0
870. CK振出庫：複数レシピにマッチ、取込スキップ 粕屋CK '〇まかない海鮮漬け丼・並盛' JAN 2510928000000.0
871. CK振出庫：複数レシピにマッチ、取込スキップ 粕屋CK '〇まかない海鮮漬け丼・並盛' JAN 2510928000000.0
872. CK振出庫：複数レシピにマッチ、取込スキップ 粕屋CK '〇まかない海鮮漬け丼・並盛' JAN 2510928000000.0
873. CK振出庫：複数レシピにマッチ、取込スキップ 粕屋CK '〇まかない海鮮漬け丼・並盛' JAN 2510928000000.0
874. CK振出庫：複数レシピにマッチ、取込スキップ 粕屋CK '〇まかない海鮮漬け丼・小盛' JAN 2511420000000.0
875. CK振出庫：複数レシピにマッチ、取込スキップ 粕屋CK '〇まかない海鮮漬け丼・小盛' JAN 2511420000000.0
876. CK振出庫：複数レシピにマッチ、取込スキップ 粕屋CK '〇まかない海鮮漬け丼・小盛' JAN 2511420000000.0
877. CK振出庫：複数レシピにマッチ、取込スキップ 粕屋CK '〇まかない海鮮漬け丼・小盛' JAN 2511420000000.0
878. CK振出庫：複数レシピにマッチ、取込スキップ 粕屋CK '〇まかない海鮮漬け丼・小盛' JAN 2511420000000.0
879. CK振出庫：複数レシピにマッチ、取込スキップ 粕屋CK '〇まかない海鮮漬け丼・小盛' JAN 2511420000000.0
880. CK振出庫：複数レシピにマッチ、取込スキップ 粕屋CK '〇まかない海鮮漬け丼・小盛' JAN 2511420000000.0
881. CK振出庫：複数レシピにマッチ、取込スキップ 粕屋CK '〇まかない海鮮漬け丼・小盛' JAN 2511420000000.0
882. CK振出庫：複数レシピにマッチ、取込スキップ 粕屋CK '〇まかない海鮮漬け丼・小盛' JAN 2511420000000.0
883. CK振出庫：複数レシピにマッチ、取込スキップ 粕屋CK '〇まかない海鮮漬け丼・小盛' JAN 2511420000000.0
884. CK振出庫：複数レシピにマッチ、取込スキップ 粕屋CK '〇まかない海鮮漬け丼・小盛' JAN 2511420000000.0
885. CK振出庫：複数レシピにマッチ、取込スキップ 粕屋CK '〇まかない海鮮漬け丼・小盛' JAN 2511420000000.0
886. CK振出庫：複数レシピにマッチ、取込スキップ 粕屋CK '〇まかない海鮮漬け丼・小盛' JAN 2511420000000.0
887. CK振出庫：複数レシピにマッチ、取込スキップ 粕屋CK '〇まかない海鮮漬け丼・小盛' JAN 2511420000000.0
888. CK振出庫：複数レシピにマッチ、取込スキップ 粕屋CK '〇まかない海鮮漬け丼・小盛' JAN 2511420000000.0
889. CK振出庫：複数レシピにマッチ、取込スキップ 粕屋CK '〇まかない海鮮漬け丼・小盛' JAN 2511420000000.0
890. CK振出庫：複数レシピにマッチ、取込スキップ 粕屋CK '〇７種の彩り海鮮丼' JAN 2513400000000.0
891. CK振出庫：複数レシピにマッチ、取込スキップ 粕屋CK '〇７種の彩り海鮮丼' JAN 2513400000000.0
892. CK振出庫：複数レシピにマッチ、取込スキップ 粕屋CK '〇７種の彩り海鮮丼' JAN 2513400000000.0
893. CK振出庫：複数レシピにマッチ、取込スキップ 粕屋CK '〇７種の彩り海鮮丼' JAN 2513400000000.0
894. CK振出庫：複数レシピにマッチ、取込スキップ 粕屋CK '〇７種の彩り海鮮丼' JAN 2513400000000.0
895. CK振出庫：複数レシピにマッチ、取込スキップ 粕屋CK '〇７種の彩り海鮮丼' JAN 2513400000000.0
896. CK振出庫：複数レシピにマッチ、取込スキップ 粕屋CK '〇７種の彩り海鮮丼' JAN 2513400000000.0
897. CK振出庫：複数レシピにマッチ、取込スキップ 粕屋CK '〇７種の彩り海鮮丼' JAN 2513400000000.0
898. CK振出庫：複数レシピにマッチ、取込スキップ 粕屋CK '〇三種のイカにぎり' JAN 2517152000000.0
899. CK振出庫：複数レシピにマッチ、取込スキップ 粕屋CK '〇三種のイカにぎり' JAN 2517152000000.0
900. CK振出庫：複数レシピにマッチ、取込スキップ 粕屋CK '〇三種のイカにぎり' JAN 2517152000000.0
901. CK振出庫：複数レシピにマッチ、取込スキップ 粕屋CK '〇三種のイカにぎり' JAN 2517152000000.0
902. CK振出庫：複数レシピにマッチ、取込スキップ 粕屋CK '〇三種のイカにぎり' JAN 2517152000000.0
903. CK振出庫：複数レシピにマッチ、取込スキップ 粕屋CK '〇三種のイカにぎり' JAN 2517152000000.0
904. CK振出庫：複数レシピにマッチ、取込スキップ 粕屋CK '〇三種のイカにぎり' JAN 2517152000000.0
905. CK振出庫：複数レシピにマッチ、取込スキップ 粕屋CK '〇三種のイカにぎり' JAN 2517152000000.0
906. CK振出庫：複数レシピにマッチ、取込スキップ 粕屋CK '〇握り盛合せ９貫' JAN 2527053000000.0
907. CK振出庫：複数レシピにマッチ、取込スキップ 粕屋CK '〇握り盛合せ９貫' JAN 2527053000000.0
908. CK振出庫：複数レシピにマッチ、取込スキップ 粕屋CK '〇握り盛合せ９貫' JAN 2527053000000.0
909. CK振出庫：複数レシピにマッチ、取込スキップ 粕屋CK '〇握り盛合せ９貫' JAN 2527053000000.0
910. CK振出庫：複数レシピにマッチ、取込スキップ 粕屋CK '〇握り盛合せ９貫' JAN 2527053000000.0
911. CK振出庫：複数レシピにマッチ、取込スキップ 粕屋CK '〇握り盛合せ９貫' JAN 2527053000000.0
912. CK振出庫：複数レシピにマッチ、取込スキップ 粕屋CK '〇握り盛合せ９貫' JAN 2527053000000.0
913. CK振出庫：複数レシピにマッチ、取込スキップ 粕屋CK '〇握り盛合せ９貫' JAN 2527053000000.0
914. CK振出庫：複数レシピにマッチ、取込スキップ 粕屋CK '〇握り盛合せ９貫' JAN 2527053000000.0
915. CK振出庫：複数レシピにマッチ、取込スキップ 粕屋CK '〇握り盛合せ９貫' JAN 2527053000000.0
916. CK振出庫：複数レシピにマッチ、取込スキップ 粕屋CK '〇握り盛合せ９貫' JAN 2527053000000.0
917. CK振出庫：複数レシピにマッチ、取込スキップ 粕屋CK '〇握り盛合せ９貫' JAN 2527053000000.0
918. CK振出庫：複数レシピにマッチ、取込スキップ 粕屋CK '〇握り盛合せ９貫' JAN 2527053000000.0
919. CK振出庫：複数レシピにマッチ、取込スキップ 粕屋CK '〇握り盛合せ９貫' JAN 2527053000000.0
920. CK振出庫：複数レシピにマッチ、取込スキップ 粕屋CK '〇握り盛合せ９貫' JAN 2527053000000.0
921. CK振出庫：複数レシピにマッチ、取込スキップ 粕屋CK '〇握り盛合せ９貫' JAN 2527053000000.0
922. CK振出庫：複数レシピにマッチ、取込スキップ 粕屋CK '〇生サーモン入り握り盛合せ' JAN 2527057000000.0
923. CK振出庫：複数レシピにマッチ、取込スキップ 粕屋CK '〇生サーモン入り握り盛合せ' JAN 2527057000000.0
924. CK振出庫：複数レシピにマッチ、取込スキップ 粕屋CK '〇生サーモン入り握り盛合せ' JAN 2527057000000.0
925. CK振出庫：複数レシピにマッチ、取込スキップ 粕屋CK '〇生サーモン入り握り盛合せ' JAN 2527057000000.0
926. CK振出庫：複数レシピにマッチ、取込スキップ 粕屋CK '〇生サーモン入り握り盛合せ' JAN 2527057000000.0
927. CK振出庫：複数レシピにマッチ、取込スキップ 粕屋CK '〇生サーモン入り握り盛合せ' JAN 2527057000000.0
928. CK振出庫：複数レシピにマッチ、取込スキップ 粕屋CK '〇生サーモン入り握り盛合せ' JAN 2527057000000.0
929. CK振出庫：複数レシピにマッチ、取込スキップ 粕屋CK '〇生サーモン入り握り盛合せ' JAN 2527057000000.0
930. CK振出庫：商品名でJAN置換 粕屋CK '〇生と炙りのサーモンにぎり' JAN 2527097000000.0 → 2527097000000
931. CK振出庫：商品名でJAN置換 粕屋CK '〇生と炙りのサーモンにぎり' JAN 2527097000000.0 → 2527097000000
932. CK振出庫：商品名でJAN置換 粕屋CK '〇生と炙りのサーモンにぎり' JAN 2527097000000.0 → 2527097000000
933. CK振出庫：商品名でJAN置換 粕屋CK '〇生と炙りのサーモンにぎり' JAN 2527097000000.0 → 2527097000000
934. CK振出庫：商品名でJAN置換 粕屋CK '〇生と炙りのサーモンにぎり' JAN 2527097000000.0 → 2527097000000
935. CK振出庫：商品名でJAN置換 粕屋CK '〇生と炙りのサーモンにぎり' JAN 2527097000000.0 → 2527097000000
936. CK振出庫：商品名でJAN置換 粕屋CK '〇生と炙りのサーモンにぎり' JAN 2527097000000.0 → 2527097000000
937. CK振出庫：商品名でJAN置換 粕屋CK '〇生と炙りのサーモンにぎり' JAN 2527097000000.0 → 2527097000000
938. CK振出庫：商品名でJAN置換 粕屋CK '〇生と炙りのサーモンにぎり' JAN 2527097000000.0 → 2527097000000
939. CK振出庫：商品名でJAN置換 粕屋CK '〇生と炙りのサーモンにぎり' JAN 2527097000000.0 → 2527097000000
940. CK振出庫：商品名でJAN置換 粕屋CK '〇生と炙りのサーモンにぎり' JAN 2527097000000.0 → 2527097000000
941. CK振出庫：商品名でJAN置換 粕屋CK '〇生と炙りのサーモンにぎり' JAN 2527097000000.0 → 2527097000000
942. CK振出庫：商品名でJAN置換 粕屋CK '〇生と炙りのサーモンにぎり' JAN 2527097000000.0 → 2527097000000
943. CK振出庫：商品名でJAN置換 粕屋CK '〇生と炙りのサーモンにぎり' JAN 2527097000000.0 → 2527097000000
944. CK振出庫：商品名でJAN置換 粕屋CK '〇生と炙りのサーモンにぎり' JAN 2527097000000.0 → 2527097000000
945. CK振出庫：商品名でJAN置換 粕屋CK '〇生と炙りのサーモンにぎり' JAN 2527097000000.0 → 2527097000000
946. CK振出庫：商品名でJAN置換 粕屋CK '〇生と炙りのサーモンにぎり' JAN 2527097000000.0 → 2527097000000
947. CK振出庫：商品名でJAN置換 粕屋CK '〇生と炙りのサーモンにぎり' JAN 2527097000000.0 → 2527097000000
948. CK振出庫：商品名でJAN置換 粕屋CK '〇生と炙りのサーモンにぎり' JAN 2527097000000.0 → 2527097000000
949. CK振出庫：商品名でJAN置換 粕屋CK '〇生と炙りのサーモンにぎり' JAN 2527097000000.0 → 2527097000000
950. CK振出庫：商品名でJAN置換 粕屋CK '〇生と炙りのサーモンにぎり' JAN 2527097000000.0 → 2527097000000
951. CK振出庫：商品名でJAN置換 粕屋CK '〇生と炙りのサーモンにぎり' JAN 2527097000000.0 → 2527097000000
952. CK振出庫：商品名でJAN置換 粕屋CK '〇生と炙りのサーモンにぎり' JAN 2527097000000.0 → 2527097000000
953. CK振出庫：商品名でJAN置換 粕屋CK '〇生と炙りのサーモンにぎり' JAN 2527097000000.0 → 2527097000000
954. CK振出庫：商品名でJAN置換 粕屋CK '〇生と炙りのサーモンにぎり' JAN 2527097000000.0 → 2527097000000
955. CK振出庫：商品名でJAN置換 粕屋CK '〇生と炙りのサーモンにぎり' JAN 2527097000000.0 → 2527097000000
956. CK振出庫：商品名でJAN置換 粕屋CK '〇生と炙りのサーモンにぎり' JAN 2527097000000.0 → 2527097000000
957. CK振出庫：商品名でJAN置換 粕屋CK '〇生と炙りのサーモンにぎり' JAN 2527097000000.0 → 2527097000000
958. CK振出庫：商品名でJAN置換 粕屋CK '〇生と炙りのサーモンにぎり' JAN 2527097000000.0 → 2527097000000
959. CK振出庫：商品名でJAN置換 粕屋CK '〇生と炙りのサーモンにぎり' JAN 2527097000000.0 → 2527097000000
960. CK振出庫：商品名でJAN置換 粕屋CK '〇生と炙りのサーモンにぎり' JAN 2527097000000.0 → 2527097000000
961. CK振出庫：商品名でJAN置換 粕屋CK '〇生と炙りのサーモンにぎり' JAN 2527097000000.0 → 2527097000000
962. CK振出庫：商品名でJAN置換 粕屋CK '〇生と炙りのサーモンにぎり' JAN 2527097000000.0 → 2527097000000
963. CK振出庫：商品名でJAN置換 粕屋CK '〇生と炙りのサーモンにぎり' JAN 2527097000000.0 → 2527097000000
964. CK振出庫：商品名でJAN置換 粕屋CK '〇生と炙りのサーモンにぎり' JAN 2527097000000.0 → 2527097000000
965. CK振出庫：商品名でJAN置換 粕屋CK '〇生と炙りのサーモンにぎり' JAN 2527097000000.0 → 2527097000000
966. CK振出庫：商品名でJAN置換 粕屋CK '〇生と炙りのサーモンにぎり' JAN 2527097000000.0 → 2527097000000
967. CK振出庫：商品名でJAN置換 粕屋CK '〇生と炙りのサーモンにぎり' JAN 2527097000000.0 → 2527097000000
968. CK振出庫：商品名でJAN置換 粕屋CK '〇生と炙りのサーモンにぎり' JAN 2527097000000.0 → 2527097000000
969. CK振出庫：商品名でJAN置換 粕屋CK '〇生と炙りのサーモンにぎり' JAN 2527097000000.0 → 2527097000000
970. CK振出庫：商品名でJAN置換 粕屋CK '〇生と炙りのサーモンにぎり' JAN 2527097000000.0 → 2527097000000
971. CK振出庫：商品名でJAN置換 粕屋CK '〇生と炙りのサーモンにぎり' JAN 2527097000000.0 → 2527097000000
972. CK振出庫：商品名でJAN置換 粕屋CK '〇生と炙りのサーモンにぎり' JAN 2527097000000.0 → 2527097000000
973. CK振出庫：商品名でJAN置換 粕屋CK '〇生と炙りのサーモンにぎり' JAN 2527097000000.0 → 2527097000000
974. CK振出庫：商品名でJAN置換 粕屋CK '〇生と炙りのサーモンにぎり' JAN 2527097000000.0 → 2527097000000
975. CK振出庫：商品名でJAN置換 粕屋CK '〇生と炙りのサーモンにぎり' JAN 2527097000000.0 → 2527097000000
976. CK振出庫：商品名でJAN置換 粕屋CK '〇生と炙りのサーモンにぎり' JAN 2527097000000.0 → 2527097000000
977. CK振出庫：商品名でJAN置換 粕屋CK '〇生と炙りのサーモンにぎり' JAN 2527097000000.0 → 2527097000000
978. CK振出庫：商品名でJAN置換 粕屋CK '〇生と炙りのサーモンにぎり' JAN 2527097000000.0 → 2527097000000
979. CK振出庫：商品名でJAN置換 粕屋CK '〇生と炙りのサーモンにぎり' JAN 2527097000000.0 → 2527097000000
980. CK振出庫：商品名でJAN置換 粕屋CK '〇生と炙りのサーモンにぎり' JAN 2527097000000.0 → 2527097000000
981. CK振出庫：商品名でJAN置換 粕屋CK '〇生と炙りのサーモンにぎり' JAN 2527097000000.0 → 2527097000000
982. CK振出庫：商品名でJAN置換 粕屋CK '〇生と炙りのサーモンにぎり' JAN 2527097000000.0 → 2527097000000
983. CK振出庫：商品名でJAN置換 粕屋CK '〇生と炙りのサーモンにぎり' JAN 2527097000000.0 → 2527097000000
984. CK振出庫：商品名でJAN置換 粕屋CK '〇生と炙りのサーモンにぎり' JAN 2527097000000.0 → 2527097000000
985. CK振出庫：商品名でJAN置換 粕屋CK '〇生と炙りのサーモンにぎり' JAN 2527097000000.0 → 2527097000000
986. CK振出庫：商品名でJAN置換 粕屋CK '〇生と炙りのサーモンにぎり' JAN 2527097000000.0 → 2527097000000
987. CK振出庫：商品名でJAN置換 粕屋CK '〇生と炙りのサーモンにぎり' JAN 2527097000000.0 → 2527097000000
988. CK振出庫：商品名でJAN置換 粕屋CK '〇生と炙りのサーモンにぎり' JAN 2527097000000.0 → 2527097000000
989. CK振出庫：商品名でJAN置換 粕屋CK '〇生と炙りのサーモンにぎり' JAN 2527097000000.0 → 2527097000000
990. CK振出庫：商品名でJAN置換 粕屋CK '〇生と炙りのサーモンにぎり' JAN 2527097000000.0 → 2527097000000
991. CK振出庫：商品名でJAN置換 粕屋CK '〇生と炙りのサーモンにぎり' JAN 2527097000000.0 → 2527097000000
992. CK振出庫：商品名でJAN置換 粕屋CK '〇生と炙りのサーモンにぎり' JAN 2527097000000.0 → 2527097000000
993. CK振出庫：商品名でJAN置換 粕屋CK '〇生と炙りのサーモンにぎり' JAN 2527097000000.0 → 2527097000000
994. CK振出庫：商品名でJAN置換 粕屋CK '〇生と炙りのサーモンにぎり' JAN 2527097000000.0 → 2527097000000
995. CK振出庫：商品名でJAN置換 粕屋CK '〇生と炙りのサーモンにぎり' JAN 2527097000000.0 → 2527097000000
996. CK振出庫：商品名でJAN置換 粕屋CK '〇生と炙りのサーモンにぎり' JAN 2527097000000.0 → 2527097000000
997. CK振出庫：商品名でJAN置換 粕屋CK '〇生と炙りのサーモンにぎり' JAN 2527097000000.0 → 2527097000000
998. CK振出庫：商品名でJAN置換 粕屋CK '〇生と炙りのサーモンにぎり' JAN 2527097000000.0 → 2527097000000
999. CK振出庫：商品名でJAN置換 粕屋CK '〇生と炙りのサーモンにぎり' JAN 2527097000000.0 → 2527097000000
1000. CK振出庫：商品名でJAN置換 粕屋CK '〇生と炙りのサーモンにぎり' JAN 2527097000000.0 → 2527097000000
1001. CK振出庫：商品名でJAN置換 粕屋CK '〇生と炙りのサーモンにぎり' JAN 2527097000000.0 → 2527097000000
1002. CK振出庫：商品名でJAN置換 粕屋CK '〇生と炙りのサーモンにぎり' JAN 2527097000000.0 → 2527097000000
1003. CK振出庫：商品名でJAN置換 粕屋CK '〇生と炙りのサーモンにぎり' JAN 2527097000000.0 → 2527097000000
1004. CK振出庫：商品名でJAN置換 粕屋CK '〇生と炙りのサーモンにぎり' JAN 2527097000000.0 → 2527097000000
1005. CK振出庫：商品名でJAN置換 粕屋CK '〇生と炙りのサーモンにぎり' JAN 2527097000000.0 → 2527097000000
1006. CK振出庫：商品名でJAN置換 粕屋CK '〇生と炙りのサーモンにぎり' JAN 2527097000000.0 → 2527097000000
1007. CK振出庫：商品名でJAN置換 粕屋CK '〇生と炙りのサーモンにぎり' JAN 2527097000000.0 → 2527097000000
1008. CK振出庫：商品名でJAN置換 粕屋CK '〇生と炙りのサーモンにぎり' JAN 2527097000000.0 → 2527097000000
1009. CK振出庫：商品名でJAN置換 粕屋CK '〇生と炙りのサーモンにぎり' JAN 2527097000000.0 → 2527097000000
1010. CK振出庫：商品名でJAN置換 粕屋CK '〇生と炙りのサーモンにぎり' JAN 2527097000000.0 → 2527097000000
1011. CK振出庫：商品名でJAN置換 粕屋CK '〇生と炙りのサーモンにぎり' JAN 2527097000000.0 → 2527097000000
1012. CK振出庫：商品名でJAN置換 粕屋CK '〇生と炙りのサーモンにぎり' JAN 2527097000000.0 → 2527097000000
1013. CK振出庫：商品名でJAN置換 粕屋CK '〇生と炙りのサーモンにぎり' JAN 2527097000000.0 → 2527097000000
1014. CK振出庫：商品名でJAN置換 粕屋CK '〇生と炙りのサーモンにぎり' JAN 2527097000000.0 → 2527097000000
1015. CK振出庫：商品名でJAN置換 粕屋CK '〇生と炙りのサーモンにぎり' JAN 2527097000000.0 → 2527097000000
1016. CK振出庫：商品名でJAN置換 粕屋CK '〇生と炙りのサーモンにぎり' JAN 2527097000000.0 → 2527097000000
1017. CK振出庫：商品名でJAN置換 粕屋CK '〇生と炙りのサーモンにぎり' JAN 2527097000000.0 → 2527097000000
1018. CK振出庫：商品名でJAN置換 粕屋CK '〇生と炙りのサーモンにぎり' JAN 2527097000000.0 → 2527097000000
1019. CK振出庫：商品名でJAN置換 粕屋CK '〇生と炙りのサーモンにぎり' JAN 2527097000000.0 → 2527097000000
1020. CK振出庫：商品名でJAN置換 粕屋CK '〇生と炙りのサーモンにぎり' JAN 2527097000000.0 → 2527097000000
1021. CK振出庫：商品名でJAN置換 粕屋CK '〇生と炙りのサーモンにぎり' JAN 2527097000000.0 → 2527097000000
1022. CK振出庫：商品名でJAN置換 粕屋CK '〇生と炙りのサーモンにぎり' JAN 2527097000000.0 → 2527097000000
1023. CK振出庫：商品名でJAN置換 粕屋CK '〇生と炙りのサーモンにぎり' JAN 2527097000000.0 → 2527097000000
1024. CK振出庫：商品名でJAN置換 粕屋CK '〇生と炙りのサーモンにぎり' JAN 2527097000000.0 → 2527097000000
1025. CK振出庫：商品名でJAN置換 粕屋CK '〇生と炙りのサーモンにぎり' JAN 2527097000000.0 → 2527097000000
1026. CK振出庫：商品名でJAN置換 粕屋CK '〇生と炙りのサーモンにぎり' JAN 2527097000000.0 → 2527097000000
1027. CK振出庫：商品名でJAN置換 粕屋CK '〇生と炙りのサーモンにぎり' JAN 2527097000000.0 → 2527097000000
1028. CK振出庫：商品名でJAN置換 粕屋CK '〇生と炙りのサーモンにぎり' JAN 2527097000000.0 → 2527097000000
1029. CK振出庫：商品名でJAN置換 粕屋CK '〇生と炙りのサーモンにぎり' JAN 2527097000000.0 → 2527097000000
1030. CK振出庫：商品名でJAN置換 粕屋CK '〇生と炙りのサーモンにぎり' JAN 2527097000000.0 → 2527097000000
1031. CK振出庫：商品名でJAN置換 粕屋CK '〇生と炙りのサーモンにぎり' JAN 2527097000000.0 → 2527097000000
1032. CK振出庫：商品名でJAN置換 粕屋CK '〇生と炙りのサーモンにぎり' JAN 2527097000000.0 → 2527097000000
1033. CK振出庫：商品名でJAN置換 粕屋CK '〇生と炙りのサーモンにぎり' JAN 2527097000000.0 → 2527097000000
1034. CK振出庫：商品名でJAN置換 粕屋CK '〇生と炙りのサーモンにぎり' JAN 2527097000000.0 → 2527097000000
1035. CK振出庫：商品名でJAN置換 粕屋CK '〇生と炙りのサーモンにぎり' JAN 2527097000000.0 → 2527097000000
1036. CK振出庫：商品名でJAN置換 粕屋CK '〇生と炙りのサーモンにぎり' JAN 2527097000000.0 → 2527097000000
1037. CK振出庫：商品名でJAN置換 粕屋CK '〇生と炙りのサーモンにぎり' JAN 2527097000000.0 → 2527097000000
1038. CK振出庫：商品名でJAN置換 粕屋CK '〇生と炙りのサーモンにぎり' JAN 2527097000000.0 → 2527097000000
1039. CK振出庫：商品名でJAN置換 粕屋CK '〇生と炙りのサーモンにぎり' JAN 2527097000000.0 → 2527097000000
1040. CK振出庫：商品名でJAN置換 粕屋CK '〇生と炙りのサーモンにぎり' JAN 2527097000000.0 → 2527097000000
1041. CK振出庫：商品名でJAN置換 粕屋CK '〇生と炙りのサーモンにぎり' JAN 2527097000000.0 → 2527097000000
1042. CK振出庫：商品名でJAN置換 粕屋CK '〇生と炙りのサーモンにぎり' JAN 2527097000000.0 → 2527097000000
1043. CK振出庫：商品名でJAN置換 粕屋CK '〇生と炙りのサーモンにぎり' JAN 2527097000000.0 → 2527097000000
1044. CK振出庫：商品名でJAN置換 粕屋CK '〇生と炙りのサーモンにぎり' JAN 2527097000000.0 → 2527097000000
1045. CK振出庫：商品名でJAN置換 粕屋CK '〇生と炙りのサーモンにぎり' JAN 2527097000000.0 → 2527097000000
1046. CK振出庫：商品名でJAN置換 粕屋CK '〇生と炙りのサーモンにぎり' JAN 2527097000000.0 → 2527097000000
1047. CK振出庫：商品名でJAN置換 粕屋CK '〇生と炙りのサーモンにぎり' JAN 2527097000000.0 → 2527097000000
1048. CK振出庫：商品名でJAN置換 粕屋CK '〇生と炙りのサーモンにぎり' JAN 2527097000000.0 → 2527097000000
1049. CK振出庫：商品名でJAN置換 粕屋CK '〇生と炙りのサーモンにぎり' JAN 2527097000000.0 → 2527097000000
1050. CK振出庫：商品名でJAN置換 粕屋CK '〇生と炙りのサーモンにぎり' JAN 2527097000000.0 → 2527097000000
1051. CK振出庫：商品名でJAN置換 粕屋CK '〇生と炙りのサーモンにぎり' JAN 2527097000000.0 → 2527097000000
1052. CK振出庫：商品名でJAN置換 粕屋CK '〇生と炙りのサーモンにぎり' JAN 2527097000000.0 → 2527097000000
1053. CK振出庫：商品名でJAN置換 粕屋CK '〇生と炙りのサーモンにぎり' JAN 2527097000000.0 → 2527097000000
1054. CK振出庫：商品名でJAN置換 粕屋CK '〇生と炙りのサーモンにぎり' JAN 2527097000000.0 → 2527097000000
1055. CK振出庫：商品名でJAN置換 粕屋CK '〇生と炙りのサーモンにぎり' JAN 2527097000000.0 → 2527097000000
1056. CK振出庫：商品名でJAN置換 粕屋CK '〇生と炙りのサーモンにぎり' JAN 2527097000000.0 → 2527097000000
1057. CK振出庫：商品名でJAN置換 粕屋CK '〇生と炙りのサーモンにぎり' JAN 2527097000000.0 → 2527097000000
1058. CK振出庫：商品名でJAN置換 粕屋CK '〇生と炙りのサーモンにぎり' JAN 2527097000000.0 → 2527097000000
1059. CK振出庫：商品名でJAN置換 粕屋CK '〇生と炙りのサーモンにぎり' JAN 2527097000000.0 → 2527097000000
1060. CK振出庫：商品名でJAN置換 粕屋CK '〇生と炙りのサーモンにぎり' JAN 2527097000000.0 → 2527097000000
1061. CK振出庫：商品名でJAN置換 粕屋CK '〇生と炙りのサーモンにぎり' JAN 2527097000000.0 → 2527097000000
1062. CK振出庫：商品名でJAN置換 粕屋CK '〇生と炙りのサーモンにぎり' JAN 2527097000000.0 → 2527097000000
1063. CK振出庫：商品名でJAN置換 粕屋CK '〇生と炙りのサーモンにぎり' JAN 2527097000000.0 → 2527097000000
1064. CK振出庫：商品名でJAN置換 粕屋CK '〇生と炙りのサーモンにぎり' JAN 2527097000000.0 → 2527097000000
1065. CK振出庫：商品名でJAN置換 粕屋CK '〇生と炙りのサーモンにぎり' JAN 2527097000000.0 → 2527097000000
1066. CK振出庫：商品名でJAN置換 粕屋CK '〇生と炙りのサーモンにぎり' JAN 2527097000000.0 → 2527097000000
1067. CK振出庫：商品名でJAN置換 粕屋CK '〇生と炙りのサーモンにぎり' JAN 2527097000000.0 → 2527097000000
1068. CK振出庫：商品名でJAN置換 粕屋CK '〇生と炙りのサーモンにぎり' JAN 2527097000000.0 → 2527097000000
1069. CK振出庫：商品名でJAN置換 粕屋CK '〇生と炙りのサーモンにぎり' JAN 2527097000000.0 → 2527097000000
1070. CK振出庫：商品名でJAN置換 粕屋CK '〇生と炙りのサーモンにぎり' JAN 2527097000000.0 → 2527097000000
1071. CK振出庫：商品名でJAN置換 粕屋CK '〇生と炙りのサーモンにぎり' JAN 2527097000000.0 → 2527097000000
1072. CK振出庫：商品名でJAN置換 粕屋CK '〇生と炙りのサーモンにぎり' JAN 2527097000000.0 → 2527097000000
1073. CK振出庫：商品名でJAN置換 粕屋CK '〇生と炙りのサーモンにぎり' JAN 2527097000000.0 → 2527097000000
1074. CK振出庫：商品名でJAN置換 粕屋CK '〇生と炙りのサーモンにぎり' JAN 2527097000000.0 → 2527097000000
1075. CK振出庫：商品名でJAN置換 粕屋CK '〇生と炙りのサーモンにぎり' JAN 2527097000000.0 → 2527097000000
1076. CK振出庫：商品名でJAN置換 粕屋CK '〇生と炙りのサーモンにぎり' JAN 2527097000000.0 → 2527097000000
1077. CK振出庫：商品名でJAN置換 粕屋CK '〇生と炙りのサーモンにぎり' JAN 2527097000000.0 → 2527097000000
1078. CK振出庫：商品名でJAN置換 粕屋CK '〇生と炙りのサーモンにぎり' JAN 2527097000000.0 → 2527097000000
1079. CK振出庫：商品名でJAN置換 粕屋CK '〇生と炙りのサーモンにぎり' JAN 2527097000000.0 → 2527097000000
1080. CK振出庫：商品名でJAN置換 粕屋CK '〇生と炙りのサーモンにぎり' JAN 2527097000000.0 → 2527097000000
1081. CK振出庫：商品名でJAN置換 粕屋CK '〇生と炙りのサーモンにぎり' JAN 2527097000000.0 → 2527097000000
1082. CK振出庫：商品名でJAN置換 粕屋CK '〇生と炙りのサーモンにぎり' JAN 2527097000000.0 → 2527097000000
1083. CK振出庫：商品名でJAN置換 粕屋CK '〇生と炙りのサーモンにぎり' JAN 2527097000000.0 → 2527097000000
1084. CK振出庫：商品名でJAN置換 粕屋CK '〇生と炙りのサーモンにぎり' JAN 2527097000000.0 → 2527097000000
1085. CK振出庫：商品名でJAN置換 粕屋CK '〇生と炙りのサーモンにぎり' JAN 2527097000000.0 → 2527097000000
1086. CK振出庫：商品名でJAN置換 粕屋CK '〇生と炙りのサーモンにぎり' JAN 2527097000000.0 → 2527097000000
1087. CK振出庫：商品名でJAN置換 粕屋CK '〇生と炙りのサーモンにぎり' JAN 2527097000000.0 → 2527097000000
1088. CK振出庫：商品名でJAN置換 粕屋CK '〇生と炙りのサーモンにぎり' JAN 2527097000000.0 → 2527097000000
1089. CK振出庫：商品名でJAN置換 粕屋CK '〇生と炙りのサーモンにぎり' JAN 2527097000000.0 → 2527097000000
1090. CK振出庫：商品名でJAN置換 粕屋CK '〇生と炙りのサーモンにぎり' JAN 2527097000000.0 → 2527097000000
1091. CK振出庫：商品名でJAN置換 粕屋CK '〇生と炙りのサーモンにぎり' JAN 2527097000000.0 → 2527097000000
1092. CK振出庫：商品名でJAN置換 粕屋CK '〇生と炙りのサーモンにぎり' JAN 2527097000000.0 → 2527097000000
1093. CK振出庫：商品名でJAN置換 粕屋CK '〇生と炙りのサーモンにぎり' JAN 2527097000000.0 → 2527097000000
1094. CK振出庫：商品名でJAN置換 粕屋CK '〇生と炙りのサーモンにぎり' JAN 2527097000000.0 → 2527097000000
1095. CK振出庫：商品名でJAN置換 粕屋CK '〇生と炙りのサーモンにぎり' JAN 2527097000000.0 → 2527097000000
1096. CK振出庫：商品名でJAN置換 粕屋CK '〇生と炙りのサーモンにぎり' JAN 2527097000000.0 → 2527097000000
1097. CK振出庫：商品名でJAN置換 粕屋CK '〇生と炙りのサーモンにぎり' JAN 2527097000000.0 → 2527097000000
1098. CK振出庫：商品名でJAN置換 粕屋CK '〇生と炙りのサーモンにぎり' JAN 2527097000000.0 → 2527097000000
1099. CK振出庫：商品名でJAN置換 粕屋CK '〇生と炙りのサーモンにぎり' JAN 2527097000000.0 → 2527097000000
1100. CK振出庫：商品名でJAN置換 粕屋CK '〇生と炙りのサーモンにぎり' JAN 2527097000000.0 → 2527097000000
1101. CK振出庫：商品名でJAN置換 粕屋CK '〇生と炙りのサーモンにぎり' JAN 2527097000000.0 → 2527097000000
1102. CK振出庫：商品名でJAN置換 粕屋CK '〇生と炙りのサーモンにぎり' JAN 2527097000000.0 → 2527097000000
1103. CK振出庫：商品名でJAN置換 粕屋CK '〇生と炙りのサーモンにぎり' JAN 2527097000000.0 → 2527097000000
1104. CK振出庫：商品名でJAN置換 粕屋CK '〇生と炙りのサーモンにぎり' JAN 2527097000000.0 → 2527097000000
1105. CK振出庫：商品名でJAN置換 粕屋CK '〇生と炙りのサーモンにぎり' JAN 2527097000000.0 → 2527097000000
1106. CK振出庫：商品名でJAN置換 粕屋CK '〇生と炙りのサーモンにぎり' JAN 2527097000000.0 → 2527097000000
1107. CK振出庫：商品名でJAN置換 粕屋CK '〇生と炙りのサーモンにぎり' JAN 2527097000000.0 → 2527097000000
1108. CK振出庫：商品名でJAN置換 粕屋CK '〇生と炙りのサーモンにぎり' JAN 2527097000000.0 → 2527097000000
1109. CK振出庫：商品名でJAN置換 粕屋CK '〇生と炙りのサーモンにぎり' JAN 2527097000000.0 → 2527097000000
1110. CK振出庫：商品名でJAN置換 粕屋CK '〇生と炙りのサーモンにぎり' JAN 2527097000000.0 → 2527097000000
1111. CK振出庫：商品名でJAN置換 粕屋CK '〇生と炙りのサーモンにぎり' JAN 2527097000000.0 → 2527097000000
1112. CK振出庫：商品名でJAN置換 粕屋CK '〇生と炙りのサーモンにぎり' JAN 2527097000000.0 → 2527097000000
1113. CK振出庫：商品名でJAN置換 粕屋CK '〇生と炙りのサーモンにぎり' JAN 2527097000000.0 → 2527097000000
1114. CK振出庫：商品名でJAN置換 粕屋CK '〇生と炙りのサーモンにぎり' JAN 2527097000000.0 → 2527097000000
1115. CK振出庫：商品名でJAN置換 粕屋CK '〇生と炙りのサーモンにぎり' JAN 2527097000000.0 → 2527097000000
1116. CK振出庫：商品名でJAN置換 粕屋CK '〇生と炙りのサーモンにぎり' JAN 2527097000000.0 → 2527097000000
1117. CK振出庫：商品名でJAN置換 粕屋CK '〇生と炙りのサーモンにぎり' JAN 2527097000000.0 → 2527097000000
1118. CK振出庫：商品名でJAN置換 粕屋CK '〇生と炙りのサーモンにぎり' JAN 2527097000000.0 → 2527097000000
1119. CK振出庫：商品名でJAN置換 粕屋CK '〇生と炙りのサーモンにぎり' JAN 2527097000000.0 → 2527097000000
1120. CK振出庫：商品名でJAN置換 粕屋CK '〇生と炙りのサーモンにぎり' JAN 2527097000000.0 → 2527097000000
1121. CK振出庫：商品名でJAN置換 粕屋CK '〇生と炙りのサーモンにぎり' JAN 2527097000000.0 → 2527097000000
1122. CK振出庫：商品名でJAN置換 粕屋CK '〇生と炙りのサーモンにぎり' JAN 2527097000000.0 → 2527097000000
1123. CK振出庫：商品名でJAN置換 粕屋CK '〇生と炙りのサーモンにぎり' JAN 2527097000000.0 → 2527097000000
1124. CK振出庫：商品名でJAN置換 粕屋CK '〇生と炙りのサーモンにぎり' JAN 2527097000000.0 → 2527097000000
1125. CK振出庫：商品名でJAN置換 粕屋CK '〇生と炙りのサーモンにぎり' JAN 2527097000000.0 → 2527097000000
1126. CK振出庫：商品名でJAN置換 粕屋CK '〇生と炙りのサーモンにぎり' JAN 2527097000000.0 → 2527097000000
1127. CK振出庫：商品名でJAN置換 粕屋CK '〇生と炙りのサーモンにぎり' JAN 2527097000000.0 → 2527097000000
1128. CK振出庫：商品名でJAN置換 粕屋CK '〇生と炙りのサーモンにぎり' JAN 2527097000000.0 → 2527097000000
1129. CK振出庫：商品名でJAN置換 粕屋CK '〇生と炙りのサーモンにぎり' JAN 2527097000000.0 → 2527097000000
1130. CK振出庫：商品名でJAN置換 粕屋CK '〇生と炙りのサーモンにぎり' JAN 2527097000000.0 → 2527097000000
1131. CK振出庫：商品名でJAN置換 粕屋CK '〇生と炙りのサーモンにぎり' JAN 2527097000000.0 → 2527097000000
1132. CK振出庫：商品名でJAN置換 粕屋CK '〇生と炙りのサーモンにぎり' JAN 2527097000000.0 → 2527097000000
1133. CK振出庫：商品名でJAN置換 粕屋CK '〇生と炙りのサーモンにぎり' JAN 2527097000000.0 → 2527097000000
1134. CK振出庫：商品名でJAN置換 粕屋CK '〇生と炙りのサーモンにぎり' JAN 2527097000000.0 → 2527097000000
1135. CK振出庫：複数レシピにマッチ、取込スキップ 粕屋CK '〇７種の彩り海鮮丼' JAN 2528497000000.0
1136. CK振出庫：複数レシピにマッチ、取込スキップ 粕屋CK '〇７種の彩り海鮮丼' JAN 2528497000000.0
1137. CK振出庫：複数レシピにマッチ、取込スキップ 粕屋CK '〇７種の彩り海鮮丼' JAN 2528497000000.0
1138. CK振出庫：複数レシピにマッチ、取込スキップ 粕屋CK '〇７種の彩り海鮮丼' JAN 2528497000000.0
1139. CK振出庫：複数レシピにマッチ、取込スキップ 粕屋CK '〇７種の彩り海鮮丼' JAN 2528497000000.0
1140. CK振出庫：複数レシピにマッチ、取込スキップ 粕屋CK '〇７種の彩り海鮮丼' JAN 2528497000000.0
1141. CK振出庫：複数レシピにマッチ、取込スキップ 粕屋CK '〇７種の彩り海鮮丼' JAN 2528497000000.0
1142. CK振出庫：複数レシピにマッチ、取込スキップ 粕屋CK '〇７種の彩り海鮮丼' JAN 2528497000000.0
1143. CK振出庫：複数レシピにマッチ、取込スキップ 粕屋CK '〇７種の彩り海鮮丼' JAN 2528497000000.0
1144. CK振出庫：複数レシピにマッチ、取込スキップ 粕屋CK '〇７種の彩り海鮮丼' JAN 2528497000000.0
1145. CK振出庫：複数レシピにマッチ、取込スキップ 粕屋CK '〇７種の彩り海鮮丼' JAN 2528497000000.0
1146. CK振出庫：複数レシピにマッチ、取込スキップ 粕屋CK '〇７種の彩り海鮮丼' JAN 2528497000000.0
1147. CK振出庫：複数レシピにマッチ、取込スキップ 粕屋CK '〇７種の彩り海鮮丼' JAN 2528497000000.0
1148. CK振出庫：複数レシピにマッチ、取込スキップ 粕屋CK '〇７種の彩り海鮮丼' JAN 2528497000000.0
1149. CK振出庫：複数レシピにマッチ、取込スキップ 粕屋CK '〇７種の彩り海鮮丼' JAN 2528497000000.0
1150. CK振出庫：複数レシピにマッチ、取込スキップ 粕屋CK '〇７種の彩り海鮮丼' JAN 2528497000000.0
1151. CK振出庫：複数レシピにマッチ、取込スキップ 粕屋CK '〇７種の彩り海鮮丼' JAN 2528497000000.0
1152. CK振出庫：複数レシピにマッチ、取込スキップ 粕屋CK '〇７種の彩り海鮮丼' JAN 2528497000000.0
1153. CK振出庫：複数レシピにマッチ、取込スキップ 粕屋CK '〇７種の彩り海鮮丼' JAN 2528497000000.0
1154. CK振出庫：複数レシピにマッチ、取込スキップ 粕屋CK '〇７種の彩り海鮮丼' JAN 2528497000000.0
1155. CK振出庫：複数レシピにマッチ、取込スキップ 粕屋CK '〇７種の彩り海鮮丼' JAN 2528497000000.0
1156. CK振出庫：複数レシピにマッチ、取込スキップ 粕屋CK '〇７種の彩り海鮮丼' JAN 2528497000000.0
1157. CK振出庫：複数レシピにマッチ、取込スキップ 粕屋CK '〇７種の彩り海鮮丼' JAN 2528497000000.0
1158. CK振出庫：複数レシピにマッチ、取込スキップ 粕屋CK '〇７種の彩り海鮮丼' JAN 2528497000000.0
1159. CK振出庫：複数レシピにマッチ、取込スキップ 粕屋CK '〇７種の彩り海鮮丼' JAN 2528497000000.0
1160. CK振出庫：複数レシピにマッチ、取込スキップ 粕屋CK '〇７種の彩り海鮮丼' JAN 2528497000000.0
1161. CK振出庫：複数レシピにマッチ、取込スキップ 粕屋CK '〇７種の彩り海鮮丼' JAN 2528497000000.0
1162. CK振出庫：複数レシピにマッチ、取込スキップ 粕屋CK '〇７種の彩り海鮮丼' JAN 2528497000000.0
1163. CK振出庫：複数レシピにマッチ、取込スキップ 粕屋CK '〇７種の彩り海鮮丼' JAN 2528497000000.0
1164. CK振出庫：複数レシピにマッチ、取込スキップ 粕屋CK '〇７種の彩り海鮮丼' JAN 2528497000000.0
1165. CK振出庫：複数レシピにマッチ、取込スキップ 粕屋CK '〇７種の彩り海鮮丼' JAN 2528497000000.0
1166. CK振出庫：複数レシピにマッチ、取込スキップ 粕屋CK '〇７種の彩り海鮮丼' JAN 2528497000000.0
1167. CK振出庫：複数レシピにマッチ、取込スキップ 粕屋CK '〇７種の彩り海鮮丼' JAN 2528497000000.0
1168. CK振出庫：複数レシピにマッチ、取込スキップ 粕屋CK '〇７種の彩り海鮮丼' JAN 2528497000000.0
1169. CK振出庫：複数レシピにマッチ、取込スキップ 粕屋CK '〇７種の彩り海鮮丼' JAN 2528497000000.0
1170. CK振出庫：複数レシピにマッチ、取込スキップ 粕屋CK '〇７種の彩り海鮮丼' JAN 2528497000000.0
1171. CK振出庫：複数レシピにマッチ、取込スキップ 粕屋CK '〇７種の彩り海鮮丼' JAN 2528497000000.0
1172. CK振出庫：複数レシピにマッチ、取込スキップ 粕屋CK '〇７種の彩り海鮮丼' JAN 2528497000000.0
1173. CK振出庫：複数レシピにマッチ、取込スキップ 粕屋CK '〇７種の彩り海鮮丼' JAN 2528497000000.0
1174. CK振出庫：複数レシピにマッチ、取込スキップ 粕屋CK '〇７種の彩り海鮮丼' JAN 2528497000000.0
1175. CK振出庫：複数レシピにマッチ、取込スキップ 粕屋CK '〇７種の彩り海鮮丼' JAN 2528497000000.0
1176. CK振出庫：複数レシピにマッチ、取込スキップ 粕屋CK '〇７種の彩り海鮮丼' JAN 2528497000000.0
1177. CK振出庫：複数レシピにマッチ、取込スキップ 粕屋CK '〇７種の彩り海鮮丼' JAN 2528497000000.0
1178. CK振出庫：複数レシピにマッチ、取込スキップ 粕屋CK '〇７種の彩り海鮮丼' JAN 2528497000000.0
1179. CK振出庫：複数レシピにマッチ、取込スキップ 粕屋CK '〇７種の彩り海鮮丼' JAN 2528497000000.0
1180. CK振出庫：複数レシピにマッチ、取込スキップ 粕屋CK '〇７種の彩り海鮮丼' JAN 2528497000000.0
1181. CK振出庫：複数レシピにマッチ、取込スキップ 粕屋CK '〇７種の彩り海鮮丼' JAN 2528497000000.0
1182. CK振出庫：複数レシピにマッチ、取込スキップ 粕屋CK '〇７種の彩り海鮮丼' JAN 2528497000000.0
1183. CK振出庫：複数レシピにマッチ、取込スキップ 粕屋CK '〇７種の彩り海鮮丼' JAN 2528497000000.0
1184. CK振出庫：複数レシピにマッチ、取込スキップ 粕屋CK '〇７種の彩り海鮮丼' JAN 2528497000000.0
1185. CK振出庫：複数レシピにマッチ、取込スキップ 粕屋CK '〇７種の彩り海鮮丼' JAN 2528497000000.0
1186. CK振出庫：複数レシピにマッチ、取込スキップ 粕屋CK '〇７種の彩り海鮮丼' JAN 2528497000000.0
1187. CK振出庫：複数レシピにマッチ、取込スキップ 粕屋CK '〇７種の彩り海鮮丼' JAN 2528497000000.0
1188. CK振出庫：複数レシピにマッチ、取込スキップ 粕屋CK '〇７種の彩り海鮮丼' JAN 2528497000000.0
1189. CK振出庫：複数レシピにマッチ、取込スキップ 粕屋CK '〇７種の彩り海鮮丼' JAN 2528497000000.0
1190. CK振出庫：複数レシピにマッチ、取込スキップ 粕屋CK '〇７種の彩り海鮮丼' JAN 2528497000000.0
1191. CK振出庫：複数レシピにマッチ、取込スキップ 粕屋CK '〇７種の彩り海鮮丼' JAN 2528497000000.0
1192. CK振出庫：複数レシピにマッチ、取込スキップ 粕屋CK '〇７種の彩り海鮮丼' JAN 2528497000000.0
1193. CK振出庫：複数レシピにマッチ、取込スキップ 粕屋CK '〇７種の彩り海鮮丼' JAN 2528497000000.0
1194. CK振出庫：複数レシピにマッチ、取込スキップ 粕屋CK '〇７種の彩り海鮮丼' JAN 2528497000000.0
1195. CK振出庫：複数レシピにマッチ、取込スキップ 粕屋CK '〇７種の彩り海鮮丼' JAN 2528497000000.0
1196. CK振出庫：複数レシピにマッチ、取込スキップ 粕屋CK '〇７種の彩り海鮮丼' JAN 2528497000000.0
1197. CK振出庫：複数レシピにマッチ、取込スキップ 粕屋CK '〇７種の彩り海鮮丼' JAN 2528497000000.0
1198. CK振出庫：複数レシピにマッチ、取込スキップ 粕屋CK '〇７種の彩り海鮮丼' JAN 2528497000000.0
1199. CK振出庫：複数レシピにマッチ、取込スキップ 粕屋CK '〇７種の彩り海鮮丼' JAN 2528497000000.0
1200. CK振出庫：複数レシピにマッチ、取込スキップ 粕屋CK '〇７種の彩り海鮮丼' JAN 2528497000000.0
1201. CK振出庫：複数レシピにマッチ、取込スキップ 粕屋CK '〇７種の彩り海鮮丼' JAN 2528497000000.0
1202. CK振出庫：複数レシピにマッチ、取込スキップ 粕屋CK '〇７種の彩り海鮮丼' JAN 2528497000000.0
1203. CK振出庫：複数レシピにマッチ、取込スキップ 粕屋CK '〇７種の彩り海鮮丼' JAN 2528497000000.0
1204. CK振出庫：複数レシピにマッチ、取込スキップ 粕屋CK '〇７種の彩り海鮮丼' JAN 2528497000000.0
1205. CK振出庫：複数レシピにマッチ、取込スキップ 粕屋CK '〇７種の彩り海鮮丼' JAN 2528497000000.0
1206. CK振出庫：複数レシピにマッチ、取込スキップ 粕屋CK '〇７種の彩り海鮮丼' JAN 2528497000000.0
1207. CK振出庫：複数レシピにマッチ、取込スキップ 粕屋CK '〇７種の彩り海鮮丼' JAN 2528497000000.0
1208. CK振出庫：複数レシピにマッチ、取込スキップ 粕屋CK '〇７種の彩り海鮮丼' JAN 2528497000000.0
1209. CK振出庫：複数レシピにマッチ、取込スキップ 粕屋CK '〇７種の彩り海鮮丼' JAN 2528497000000.0
1210. CK振出庫：複数レシピにマッチ、取込スキップ 粕屋CK '〇７種の彩り海鮮丼' JAN 2528497000000.0
1211. CK振出庫：複数レシピにマッチ、取込スキップ 粕屋CK '〇７種の彩り海鮮丼' JAN 2528497000000.0
1212. CK振出庫：複数レシピにマッチ、取込スキップ 粕屋CK '〇７種の彩り海鮮丼' JAN 2528497000000.0
1213. CK振出庫：複数レシピにマッチ、取込スキップ 粕屋CK '〇７種の彩り海鮮丼' JAN 2528497000000.0
1214. CK振出庫：複数レシピにマッチ、取込スキップ 粕屋CK '〇７種の彩り海鮮丼' JAN 2528497000000.0
1215. CK振出庫：複数レシピにマッチ、取込スキップ 粕屋CK '〇７種の彩り海鮮丼' JAN 2528497000000.0
1216. CK振出庫：複数レシピにマッチ、取込スキップ 粕屋CK '〇７種の彩り海鮮丼' JAN 2528497000000.0
1217. CK振出庫：複数レシピにマッチ、取込スキップ 粕屋CK '〇７種の彩り海鮮丼' JAN 2528497000000.0
1218. CK振出庫：複数レシピにマッチ、取込スキップ 粕屋CK '〇７種の彩り海鮮丼' JAN 2528497000000.0
1219. CK振出庫：複数レシピにマッチ、取込スキップ 粕屋CK '〇７種の彩り海鮮丼' JAN 2528497000000.0
1220. CK振出庫：複数レシピにマッチ、取込スキップ 粕屋CK '〇７種の彩り海鮮丼' JAN 2528497000000.0
1221. CK振出庫：複数レシピにマッチ、取込スキップ 粕屋CK '〇７種の彩り海鮮丼' JAN 2528497000000.0
1222. CK振出庫：複数レシピにマッチ、取込スキップ 粕屋CK '〇７種の彩り海鮮丼' JAN 2528497000000.0
1223. CK振出庫：複数レシピにマッチ、取込スキップ 粕屋CK '〇７種の彩り海鮮丼' JAN 2528497000000.0
1224. CK振出庫：複数レシピにマッチ、取込スキップ 粕屋CK '〇７種の彩り海鮮丼' JAN 2528497000000.0
1225. CK振出庫：複数レシピにマッチ、取込スキップ 粕屋CK '〇７種の彩り海鮮丼' JAN 2528497000000.0
1226. CK振出庫：複数レシピにマッチ、取込スキップ 粕屋CK '〇７種の彩り海鮮丼' JAN 2528497000000.0
1227. CK振出庫：複数レシピにマッチ、取込スキップ 粕屋CK '〇７種の彩り海鮮丼' JAN 2528497000000.0
1228. CK振出庫：複数レシピにマッチ、取込スキップ 粕屋CK '〇７種の彩り海鮮丼' JAN 2528497000000.0
1229. CK振出庫：複数レシピにマッチ、取込スキップ 粕屋CK '〇７種の彩り海鮮丼' JAN 2528497000000.0
1230. CK振出庫：複数レシピにマッチ、取込スキップ 粕屋CK '〇７種の彩り海鮮丼' JAN 2528497000000.0
1231. CK振出庫：複数レシピにマッチ、取込スキップ 粕屋CK '〇７種の彩り海鮮丼' JAN 2528497000000.0
1232. CK振出庫：複数レシピにマッチ、取込スキップ 粕屋CK '〇７種の彩り海鮮丼' JAN 2528497000000.0
1233. CK振出庫：複数レシピにマッチ、取込スキップ 粕屋CK '〇７種の彩り海鮮丼' JAN 2528497000000.0
1234. CK振出庫：複数レシピにマッチ、取込スキップ 粕屋CK '〇７種の彩り海鮮丼' JAN 2528497000000.0
1235. CK振出庫：複数レシピにマッチ、取込スキップ 粕屋CK '〇７種の彩り海鮮丼' JAN 2528497000000.0
1236. CK振出庫：複数レシピにマッチ、取込スキップ 粕屋CK '〇７種の彩り海鮮丼' JAN 2528497000000.0
1237. CK振出庫：複数レシピにマッチ、取込スキップ 粕屋CK '〇７種の彩り海鮮丼' JAN 2528497000000.0
1238. CK振出庫：複数レシピにマッチ、取込スキップ 粕屋CK '〇７種の彩り海鮮丼' JAN 2528497000000.0
1239. CK振出庫：複数レシピにマッチ、取込スキップ 粕屋CK '〇７種の彩り海鮮丼' JAN 2528497000000.0
1240. CK振出庫：複数レシピにマッチ、取込スキップ 粕屋CK '〇７種の彩り海鮮丼' JAN 2528497000000.0
1241. CK振出庫：複数レシピにマッチ、取込スキップ 粕屋CK '〇７種の彩り海鮮丼' JAN 2528497000000.0
1242. CK振出庫：複数レシピにマッチ、取込スキップ 粕屋CK '〇７種の彩り海鮮丼' JAN 2528497000000.0
1243. CK振出庫：複数レシピにマッチ、取込スキップ 粕屋CK '〇７種の彩り海鮮丼' JAN 2528497000000.0
1244. CK振出庫：複数レシピにマッチ、取込スキップ 粕屋CK '〇７種の彩り海鮮丼' JAN 2528497000000.0
1245. CK振出庫：複数レシピにマッチ、取込スキップ 粕屋CK '〇７種の彩り海鮮丼' JAN 2528497000000.0
1246. CK振出庫：複数レシピにマッチ、取込スキップ 粕屋CK '〇７種の彩り海鮮丼' JAN 2528497000000.0
1247. CK振出庫：複数レシピにマッチ、取込スキップ 粕屋CK '〇７種の彩り海鮮丼' JAN 2528497000000.0
1248. CK振出庫：複数レシピにマッチ、取込スキップ 粕屋CK '〇７種の彩り海鮮丼' JAN 2528497000000.0
1249. CK振出庫：複数レシピにマッチ、取込スキップ 粕屋CK '〇７種の彩り海鮮丼' JAN 2528497000000.0
1250. CK振出庫：複数レシピにマッチ、取込スキップ 粕屋CK '〇７種の彩り海鮮丼' JAN 2528497000000.0
1251. CK振出庫：複数レシピにマッチ、取込スキップ 粕屋CK '〇７種の彩り海鮮丼' JAN 2528497000000.0
1252. CK振出庫：複数レシピにマッチ、取込スキップ 粕屋CK '〇７種の彩り海鮮丼' JAN 2528497000000.0
1253. CK振出庫：複数レシピにマッチ、取込スキップ 粕屋CK '〇７種の彩り海鮮丼' JAN 2528497000000.0
1254. CK振出庫：複数レシピにマッチ、取込スキップ 粕屋CK '〇７種の彩り海鮮丼' JAN 2528497000000.0
1255. CK振出庫：複数レシピにマッチ、取込スキップ 粕屋CK '〇７種の彩り海鮮丼' JAN 2528497000000.0
1256. CK振出庫：複数レシピにマッチ、取込スキップ 粕屋CK '〇７種の彩り海鮮丼' JAN 2528497000000.0
1257. CK振出庫：複数レシピにマッチ、取込スキップ 粕屋CK '〇７種の彩り海鮮丼' JAN 2528497000000.0
1258. CK振出庫：複数レシピにマッチ、取込スキップ 粕屋CK '〇７種の彩り海鮮丼' JAN 2528497000000.0
1259. CK振出庫：複数レシピにマッチ、取込スキップ 粕屋CK '〇７種の彩り海鮮丼' JAN 2528497000000.0
1260. CK振出庫：複数レシピにマッチ、取込スキップ 粕屋CK '〇７種の彩り海鮮丼' JAN 2528497000000.0
1261. CK振出庫：複数レシピにマッチ、取込スキップ 粕屋CK '〇７種の彩り海鮮丼' JAN 2528497000000.0
1262. CK振出庫：複数レシピにマッチ、取込スキップ 粕屋CK '〇７種の彩り海鮮丼' JAN 2528497000000.0
1263. CK振出庫：複数レシピにマッチ、取込スキップ 粕屋CK '〇７種の彩り海鮮丼' JAN 2528497000000.0
1264. CK振出庫：複数レシピにマッチ、取込スキップ 粕屋CK '〇７種の彩り海鮮丼' JAN 2528497000000.0
1265. CK振出庫：複数レシピにマッチ、取込スキップ 粕屋CK '〇７種の彩り海鮮丼' JAN 2528497000000.0
1266. CK振出庫：複数レシピにマッチ、取込スキップ 粕屋CK '〇７種の彩り海鮮丼' JAN 2528497000000.0
1267. CK振出庫：複数レシピにマッチ、取込スキップ 粕屋CK '〇７種の彩り海鮮丼' JAN 2528497000000.0
1268. CK振出庫：複数レシピにマッチ、取込スキップ 粕屋CK '〇７種の彩り海鮮丼' JAN 2528497000000.0
1269. CK振出庫：複数レシピにマッチ、取込スキップ 粕屋CK '〇７種の彩り海鮮丼' JAN 2528497000000.0
1270. CK振出庫：複数レシピにマッチ、取込スキップ 粕屋CK '〇７種の彩り海鮮丼' JAN 2528497000000.0
1271. CK振出庫：複数レシピにマッチ、取込スキップ 粕屋CK '〇７種の彩り海鮮丼' JAN 2528497000000.0
1272. CK振出庫：複数レシピにマッチ、取込スキップ 粕屋CK '〇７種の彩り海鮮丼' JAN 2528497000000.0
1273. CK振出庫：複数レシピにマッチ、取込スキップ 粕屋CK '〇７種の彩り海鮮丼' JAN 2528497000000.0
1274. CK振出庫：複数レシピにマッチ、取込スキップ 粕屋CK '〇７種の彩り海鮮丼' JAN 2528497000000.0
1275. CK振出庫：複数レシピにマッチ、取込スキップ 粕屋CK '〇７種の彩り海鮮丼' JAN 2528497000000.0
1276. CK振出庫：複数レシピにマッチ、取込スキップ 粕屋CK '〇お得ランチ寿司セット' JAN 2528505000000.0
1277. CK振出庫：複数レシピにマッチ、取込スキップ 粕屋CK '〇お得ランチ寿司セット' JAN 2528505000000.0
1278. CK振出庫：複数レシピにマッチ、取込スキップ 粕屋CK '〇お得ランチ寿司セット' JAN 2528505000000.0
1279. CK振出庫：複数レシピにマッチ、取込スキップ 粕屋CK '〇お得ランチ寿司セット' JAN 2528505000000.0
1280. CK振出庫：複数レシピにマッチ、取込スキップ 粕屋CK '〇お得ランチ寿司セット' JAN 2528505000000.0
1281. CK振出庫：複数レシピにマッチ、取込スキップ 粕屋CK '〇お得ランチ寿司セット' JAN 2528505000000.0
1282. CK振出庫：複数レシピにマッチ、取込スキップ 粕屋CK '〇お得ランチ寿司セット' JAN 2528505000000.0
1283. CK振出庫：複数レシピにマッチ、取込スキップ 粕屋CK '〇お得ランチ寿司セット' JAN 2528505000000.0
1284. CK振出庫：複数レシピにマッチ、取込スキップ 粕屋CK '〇お得ランチ寿司セット' JAN 2528505000000.0
1285. CK振出庫：複数レシピにマッチ、取込スキップ 粕屋CK '〇お得ランチ寿司セット' JAN 2528505000000.0
1286. CK振出庫：複数レシピにマッチ、取込スキップ 粕屋CK '〇お得ランチ寿司セット' JAN 2528505000000.0
1287. CK振出庫：複数レシピにマッチ、取込スキップ 粕屋CK '〇お得ランチ寿司セット' JAN 2528505000000.0
1288. CK振出庫：複数レシピにマッチ、取込スキップ 粕屋CK '〇お得ランチ寿司セット' JAN 2528505000000.0
1289. CK振出庫：複数レシピにマッチ、取込スキップ 粕屋CK '〇お得ランチ寿司セット' JAN 2528505000000.0
1290. CK振出庫：複数レシピにマッチ、取込スキップ 粕屋CK '〇お得ランチ寿司セット' JAN 2528505000000.0
1291. CK振出庫：複数レシピにマッチ、取込スキップ 粕屋CK '〇お得ランチ寿司セット' JAN 2528505000000.0
1292. CK振出庫：複数レシピにマッチ、取込スキップ 粕屋CK '〇お得ランチ寿司セット' JAN 2528505000000.0
1293. CK振出庫：複数レシピにマッチ、取込スキップ 粕屋CK '〇お得ランチ寿司セット' JAN 2528505000000.0
1294. CK振出庫：複数レシピにマッチ、取込スキップ 粕屋CK '〇お得ランチ寿司セット' JAN 2528505000000.0
1295. CK振出庫：複数レシピにマッチ、取込スキップ 粕屋CK '〇お得ランチ寿司セット' JAN 2528505000000.0
1296. CK振出庫：複数レシピにマッチ、取込スキップ 粕屋CK '〇お得ランチ寿司セット' JAN 2528505000000.0
1297. CK振出庫：複数レシピにマッチ、取込スキップ 粕屋CK '〇お得ランチ寿司セット' JAN 2528505000000.0
1298. CK振出庫：複数レシピにマッチ、取込スキップ 粕屋CK '〇お得ランチ寿司セット' JAN 2528505000000.0
1299. CK振出庫：複数レシピにマッチ、取込スキップ 粕屋CK '〇お得ランチ寿司セット' JAN 2528505000000.0
1300. CK振出庫：複数レシピにマッチ、取込スキップ 粕屋CK '〇お得ランチ寿司セット' JAN 2528505000000.0
1301. CK振出庫：複数レシピにマッチ、取込スキップ 粕屋CK '〇お得ランチ寿司セット' JAN 2528505000000.0
1302. CK振出庫：複数レシピにマッチ、取込スキップ 粕屋CK '〇お得ランチ寿司セット' JAN 2528505000000.0
1303. CK振出庫：複数レシピにマッチ、取込スキップ 粕屋CK '〇お得ランチ寿司セット' JAN 2528505000000.0
1304. CK振出庫：複数レシピにマッチ、取込スキップ 粕屋CK '〇お得ランチ寿司セット' JAN 2528505000000.0
1305. CK振出庫：複数レシピにマッチ、取込スキップ 粕屋CK '〇お得ランチ寿司セット' JAN 2528505000000.0
1306. CK振出庫：複数レシピにマッチ、取込スキップ 粕屋CK '〇お得ランチ寿司セット' JAN 2528505000000.0
1307. CK振出庫：複数レシピにマッチ、取込スキップ 粕屋CK '〇お得ランチ寿司セット' JAN 2528505000000.0
1308. CK振出庫：複数レシピにマッチ、取込スキップ 粕屋CK '〇お得ランチ寿司セット' JAN 2528505000000.0
1309. CK振出庫：複数レシピにマッチ、取込スキップ 粕屋CK '〇お得ランチ寿司セット' JAN 2528505000000.0
1310. CK振出庫：複数レシピにマッチ、取込スキップ 粕屋CK '〇お得ランチ寿司セット' JAN 2528505000000.0
1311. CK振出庫：複数レシピにマッチ、取込スキップ 粕屋CK '〇お得ランチ寿司セット' JAN 2528505000000.0
1312. CK振出庫：複数レシピにマッチ、取込スキップ 粕屋CK '〇お得ランチ寿司セット' JAN 2528505000000.0
1313. CK振出庫：複数レシピにマッチ、取込スキップ 粕屋CK '〇お得ランチ寿司セット' JAN 2528505000000.0
1314. CK振出庫：複数レシピにマッチ、取込スキップ 粕屋CK '〇お得ランチ寿司セット' JAN 2528505000000.0
1315. CK振出庫：複数レシピにマッチ、取込スキップ 粕屋CK '〇お得ランチ寿司セット' JAN 2528505000000.0
1316. CK振出庫：複数レシピにマッチ、取込スキップ 粕屋CK '〇お得ランチ寿司セット' JAN 2528505000000.0
1317. CK振出庫：複数レシピにマッチ、取込スキップ 粕屋CK '〇お得ランチ寿司セット' JAN 2528505000000.0
1318. CK振出庫：複数レシピにマッチ、取込スキップ 粕屋CK '〇お得ランチ寿司セット' JAN 2528505000000.0
1319. CK振出庫：複数レシピにマッチ、取込スキップ 粕屋CK '〇お得ランチ寿司セット' JAN 2528505000000.0
1320. CK振出庫：複数レシピにマッチ、取込スキップ 粕屋CK '〇お得ランチ寿司セット' JAN 2528505000000.0
1321. CK振出庫：複数レシピにマッチ、取込スキップ 粕屋CK '〇お得ランチ寿司セット' JAN 2528505000000.0
1322. CK振出庫：複数レシピにマッチ、取込スキップ 粕屋CK '〇お得ランチ寿司セット' JAN 2528505000000.0
1323. CK振出庫：複数レシピにマッチ、取込スキップ 粕屋CK '〇お得ランチ寿司セット' JAN 2528505000000.0
1324. CK振出庫：複数レシピにマッチ、取込スキップ 粕屋CK '〇お得ランチ寿司セット' JAN 2528505000000.0
1325. CK振出庫：複数レシピにマッチ、取込スキップ 粕屋CK '〇お得ランチ寿司セット' JAN 2528505000000.0
1326. CK振出庫：複数レシピにマッチ、取込スキップ 粕屋CK '〇お得ランチ寿司セット' JAN 2528505000000.0
1327. CK振出庫：複数レシピにマッチ、取込スキップ 粕屋CK '〇お得ランチ寿司セット' JAN 2528505000000.0
1328. CK振出庫：複数レシピにマッチ、取込スキップ 粕屋CK '〇お得ランチ寿司セット' JAN 2528505000000.0
1329. CK振出庫：複数レシピにマッチ、取込スキップ 粕屋CK '〇お得ランチ寿司セット' JAN 2528505000000.0
1330. CK振出庫：複数レシピにマッチ、取込スキップ 粕屋CK '〇お得ランチ寿司セット' JAN 2528505000000.0
1331. CK振出庫：複数レシピにマッチ、取込スキップ 粕屋CK '〇お得ランチ寿司セット' JAN 2528505000000.0
1332. CK振出庫：複数レシピにマッチ、取込スキップ 粕屋CK '〇お得ランチ寿司セット' JAN 2528505000000.0
1333. CK振出庫：複数レシピにマッチ、取込スキップ 粕屋CK '〇お得ランチ寿司セット' JAN 2528505000000.0
1334. CK振出庫：複数レシピにマッチ、取込スキップ 粕屋CK '〇お得ランチ寿司セット' JAN 2528505000000.0
1335. CK振出庫：複数レシピにマッチ、取込スキップ 粕屋CK '〇お得ランチ寿司セット' JAN 2528505000000.0
1336. CK振出庫：複数レシピにマッチ、取込スキップ 粕屋CK '〇お得ランチ寿司セット' JAN 2528505000000.0
1337. CK振出庫：複数レシピにマッチ、取込スキップ 粕屋CK '〇お得ランチ寿司セット' JAN 2528505000000.0
1338. CK振出庫：複数レシピにマッチ、取込スキップ 粕屋CK '〇お得ランチ寿司セット' JAN 2528505000000.0
1339. CK振出庫：複数レシピにマッチ、取込スキップ 粕屋CK '〇お得ランチ寿司セット' JAN 2528505000000.0
1340. CK振出庫：複数レシピにマッチ、取込スキップ 粕屋CK '〇お得ランチ寿司セット' JAN 2528505000000.0
1341. CK振出庫：複数レシピにマッチ、取込スキップ 粕屋CK '〇お得ランチ寿司セット' JAN 2528505000000.0
1342. CK振出庫：複数レシピにマッチ、取込スキップ 粕屋CK '〇お得ランチ寿司セット' JAN 2528505000000.0
1343. CK振出庫：複数レシピにマッチ、取込スキップ 粕屋CK '〇お得ランチ寿司セット' JAN 2528505000000.0
1344. CK振出庫：複数レシピにマッチ、取込スキップ 粕屋CK '〇お得ランチ寿司セット' JAN 2528505000000.0
1345. CK振出庫：複数レシピにマッチ、取込スキップ 粕屋CK '〇お得ランチ寿司セット' JAN 2528505000000.0
1346. CK振出庫：複数レシピにマッチ、取込スキップ 粕屋CK '〇お得ランチ寿司セット' JAN 2528505000000.0
1347. CK振出庫：複数レシピにマッチ、取込スキップ 粕屋CK '〇お得ランチ寿司セット' JAN 2528505000000.0
1348. CK振出庫：複数レシピにマッチ、取込スキップ 粕屋CK '〇お得ランチ寿司セット' JAN 2528505000000.0
1349. CK振出庫：複数レシピにマッチ、取込スキップ 粕屋CK '〇お得ランチ寿司セット' JAN 2528505000000.0
1350. CK振出庫：複数レシピにマッチ、取込スキップ 粕屋CK '〇お得ランチ寿司セット' JAN 2528505000000.0
1351. CK振出庫：複数レシピにマッチ、取込スキップ 粕屋CK '〇お得ランチ寿司セット' JAN 2528505000000.0
1352. CK振出庫：複数レシピにマッチ、取込スキップ 粕屋CK '〇お得ランチ寿司セット' JAN 2528505000000.0
1353. CK振出庫：複数レシピにマッチ、取込スキップ 粕屋CK '〇お得ランチ寿司セット' JAN 2528505000000.0
1354. CK振出庫：複数レシピにマッチ、取込スキップ 粕屋CK '〇お得ランチ寿司セット' JAN 2528505000000.0
1355. CK振出庫：複数レシピにマッチ、取込スキップ 粕屋CK '〇お得ランチ寿司セット' JAN 2528505000000.0
1356. CK振出庫：複数レシピにマッチ、取込スキップ 粕屋CK '〇お得ランチ寿司セット' JAN 2528505000000.0
1357. CK振出庫：複数レシピにマッチ、取込スキップ 粕屋CK '〇お得ランチ寿司セット' JAN 2528505000000.0
1358. CK振出庫：複数レシピにマッチ、取込スキップ 粕屋CK '〇お得ランチ寿司セット' JAN 2528505000000.0
1359. CK振出庫：複数レシピにマッチ、取込スキップ 粕屋CK '〇お得ランチ寿司セット' JAN 2528505000000.0
1360. CK振出庫：複数レシピにマッチ、取込スキップ 粕屋CK '〇お得ランチ寿司セット' JAN 2528505000000.0
1361. CK振出庫：複数レシピにマッチ、取込スキップ 粕屋CK '〇お得ランチ寿司セット' JAN 2528505000000.0
1362. CK振出庫：複数レシピにマッチ、取込スキップ 粕屋CK '〇お得ランチ寿司セット' JAN 2528505000000.0
1363. CK振出庫：複数レシピにマッチ、取込スキップ 粕屋CK '〇お得ランチ寿司セット' JAN 2528505000000.0
1364. CK振出庫：複数レシピにマッチ、取込スキップ 粕屋CK '〇お得ランチ寿司セット' JAN 2528505000000.0
1365. CK振出庫：複数レシピにマッチ、取込スキップ 粕屋CK '〇お得ランチ寿司セット' JAN 2528505000000.0
1366. CK振出庫：複数レシピにマッチ、取込スキップ 粕屋CK '〇お得ランチ寿司セット' JAN 2528505000000.0
1367. CK振出庫：複数レシピにマッチ、取込スキップ 粕屋CK '〇お得ランチ寿司セット' JAN 2528505000000.0
1368. CK振出庫：複数レシピにマッチ、取込スキップ 粕屋CK '〇お得ランチ寿司セット' JAN 2528505000000.0
1369. CK振出庫：複数レシピにマッチ、取込スキップ 粕屋CK '〇お得ランチ寿司セット' JAN 2528505000000.0
1370. CK振出庫：複数レシピにマッチ、取込スキップ 粕屋CK '〇お得ランチ寿司セット' JAN 2528505000000.0
1371. CK振出庫：複数レシピにマッチ、取込スキップ 粕屋CK '〇お得ランチ寿司セット' JAN 2528505000000.0
1372. CK振出庫：複数レシピにマッチ、取込スキップ 粕屋CK '〇お得ランチ寿司セット' JAN 2528505000000.0
1373. CK振出庫：複数レシピにマッチ、取込スキップ 粕屋CK '〇お得ランチ寿司セット' JAN 2528505000000.0
1374. CK振出庫：複数レシピにマッチ、取込スキップ 粕屋CK '〇お得ランチ寿司セット' JAN 2528505000000.0
1375. CK振出庫：複数レシピにマッチ、取込スキップ 粕屋CK '〇お得ランチ寿司セット' JAN 2528505000000.0
1376. CK振出庫：複数レシピにマッチ、取込スキップ 粕屋CK '〇お得ランチ寿司セット' JAN 2528505000000.0
1377. CK振出庫：複数レシピにマッチ、取込スキップ 粕屋CK '〇お得ランチ寿司セット' JAN 2528505000000.0
1378. CK振出庫：複数レシピにマッチ、取込スキップ 粕屋CK '〇お得ランチ寿司セット' JAN 2528505000000.0
1379. CK振出庫：複数レシピにマッチ、取込スキップ 粕屋CK '〇お得ランチ寿司セット' JAN 2528505000000.0
1380. CK振出庫：複数レシピにマッチ、取込スキップ 粕屋CK '〇お得ランチ寿司セット' JAN 2528505000000.0
1381. CK振出庫：複数レシピにマッチ、取込スキップ 粕屋CK '〇お得ランチ寿司セット' JAN 2528505000000.0
1382. CK振出庫：複数レシピにマッチ、取込スキップ 粕屋CK '〇お得ランチ寿司セット' JAN 2528505000000.0
1383. CK振出庫：複数レシピにマッチ、取込スキップ 粕屋CK '〇お得ランチ寿司セット' JAN 2528505000000.0
1384. CK振出庫：複数レシピにマッチ、取込スキップ 粕屋CK '〇お得ランチ寿司セット' JAN 2528505000000.0
1385. CK振出庫：複数レシピにマッチ、取込スキップ 粕屋CK '〇お得ランチ寿司セット' JAN 2528505000000.0
1386. CK振出庫：複数レシピにマッチ、取込スキップ 粕屋CK '〇お得ランチ寿司セット' JAN 2528505000000.0
1387. CK振出庫：複数レシピにマッチ、取込スキップ 粕屋CK '〇お得ランチ寿司セット' JAN 2528505000000.0
1388. CK振出庫：複数レシピにマッチ、取込スキップ 粕屋CK '〇お得ランチ寿司セット' JAN 2528505000000.0
1389. CK振出庫：複数レシピにマッチ、取込スキップ 粕屋CK '〇お得ランチ寿司セット' JAN 2528505000000.0
1390. CK振出庫：複数レシピにマッチ、取込スキップ 粕屋CK '〇お得ランチ寿司セット' JAN 2528505000000.0
1391. CK振出庫：複数レシピにマッチ、取込スキップ 粕屋CK '〇お得ランチ寿司セット' JAN 2528505000000.0
1392. CK振出庫：複数レシピにマッチ、取込スキップ 粕屋CK '〇お得ランチ寿司セット' JAN 2528505000000.0
1393. CK振出庫：複数レシピにマッチ、取込スキップ 粕屋CK '〇お得ランチ寿司セット' JAN 2528505000000.0
1394. CK振出庫：複数レシピにマッチ、取込スキップ 粕屋CK '〇お得ランチ寿司セット' JAN 2528505000000.0
1395. CK振出庫：複数レシピにマッチ、取込スキップ 粕屋CK '〇お得ランチ寿司セット' JAN 2528505000000.0
1396. CK振出庫：複数レシピにマッチ、取込スキップ 粕屋CK '〇お得ランチ寿司セット' JAN 2528505000000.0
1397. CK振出庫：複数レシピにマッチ、取込スキップ 粕屋CK '〇お得ランチ寿司セット' JAN 2528505000000.0
1398. CK振出庫：複数レシピにマッチ、取込スキップ 粕屋CK '〇お得ランチ寿司セット' JAN 2528505000000.0
1399. CK振出庫：複数レシピにマッチ、取込スキップ 粕屋CK '〇お得ランチ寿司セット' JAN 2528505000000.0
1400. CK振出庫：複数レシピにマッチ、取込スキップ 粕屋CK '〇お得ランチ寿司セット' JAN 2528505000000.0
1401. CK振出庫：複数レシピにマッチ、取込スキップ 粕屋CK '〇お得ランチ寿司セット' JAN 2528505000000.0
1402. CK振出庫：複数レシピにマッチ、取込スキップ 粕屋CK '〇お得ランチ寿司セット' JAN 2528505000000.0
1403. CK振出庫：複数レシピにマッチ、取込スキップ 粕屋CK '〇お得ランチ寿司セット' JAN 2528505000000.0
1404. CK振出庫：複数レシピにマッチ、取込スキップ 粕屋CK '〇お得ランチ寿司セット' JAN 2528505000000.0
1405. CK振出庫：複数レシピにマッチ、取込スキップ 粕屋CK '〇お得ランチ寿司セット' JAN 2528505000000.0
1406. CK振出庫：複数レシピにマッチ、取込スキップ 粕屋CK '〇お得ランチ寿司セット' JAN 2528505000000.0
1407. CK振出庫：複数レシピにマッチ、取込スキップ 粕屋CK '〇お得ランチ寿司セット' JAN 2528505000000.0
1408. CK振出庫：複数レシピにマッチ、取込スキップ 粕屋CK '〇お得ランチ寿司セット' JAN 2528505000000.0
1409. CK振出庫：複数レシピにマッチ、取込スキップ 粕屋CK '〇お得ランチ寿司セット' JAN 2528505000000.0
1410. CK振出庫：複数レシピにマッチ、取込スキップ 粕屋CK '〇お得ランチ寿司セット' JAN 2528505000000.0
1411. CK振出庫：複数レシピにマッチ、取込スキップ 粕屋CK '〇お得ランチ寿司セット' JAN 2528505000000.0
1412. CK振出庫：複数レシピにマッチ、取込スキップ 粕屋CK '〇お得ランチ寿司セット' JAN 2528505000000.0
1413. CK振出庫：複数レシピにマッチ、取込スキップ 粕屋CK '〇お得ランチ寿司セット' JAN 2528505000000.0
1414. CK振出庫：複数レシピにマッチ、取込スキップ 粕屋CK '〇お得ランチ寿司セット' JAN 2528505000000.0
1415. CK振出庫：複数レシピにマッチ、取込スキップ 粕屋CK '〇お得ランチ寿司セット' JAN 2528505000000.0
1416. CK振出庫：複数レシピにマッチ、取込スキップ 粕屋CK '〇お得ランチ寿司セット' JAN 2528505000000.0
1417. CK振出庫：複数レシピにマッチ、取込スキップ 粕屋CK '〇お得ランチ寿司セット' JAN 2528505000000.0
1418. CK振出庫：複数レシピにマッチ、取込スキップ 粕屋CK '〇お得ランチ寿司セット' JAN 2528505000000.0
1419. CK振出庫：複数レシピにマッチ、取込スキップ 粕屋CK '〇お得ランチ寿司セット' JAN 2528505000000.0
1420. CK振出庫：複数レシピにマッチ、取込スキップ 粕屋CK '〇生サーモン入り握り盛合せ' JAN 2528510000000.0
1421. CK振出庫：複数レシピにマッチ、取込スキップ 粕屋CK '〇生サーモン入り握り盛合せ' JAN 2528510000000.0
1422. CK振出庫：複数レシピにマッチ、取込スキップ 粕屋CK '〇生サーモン入り握り盛合せ' JAN 2528510000000.0
1423. CK振出庫：複数レシピにマッチ、取込スキップ 粕屋CK '〇生サーモン入り握り盛合せ' JAN 2528510000000.0
1424. CK振出庫：複数レシピにマッチ、取込スキップ 粕屋CK '〇生サーモン入り握り盛合せ' JAN 2528510000000.0
1425. CK振出庫：複数レシピにマッチ、取込スキップ 粕屋CK '〇生サーモン入り握り盛合せ' JAN 2528510000000.0
1426. CK振出庫：複数レシピにマッチ、取込スキップ 粕屋CK '〇生サーモン入り握り盛合せ' JAN 2528510000000.0
1427. CK振出庫：複数レシピにマッチ、取込スキップ 粕屋CK '〇生サーモン入り握り盛合せ' JAN 2528510000000.0
1428. CK振出庫：複数レシピにマッチ、取込スキップ 粕屋CK '〇生サーモン入り握り盛合せ' JAN 2528510000000.0
1429. CK振出庫：複数レシピにマッチ、取込スキップ 粕屋CK '〇生サーモン入り握り盛合せ' JAN 2528510000000.0
1430. CK振出庫：複数レシピにマッチ、取込スキップ 粕屋CK '〇生サーモン入り握り盛合せ' JAN 2528510000000.0
1431. CK振出庫：複数レシピにマッチ、取込スキップ 粕屋CK '〇生サーモン入り握り盛合せ' JAN 2528510000000.0
1432. CK振出庫：複数レシピにマッチ、取込スキップ 粕屋CK '〇生サーモン入り握り盛合せ' JAN 2528510000000.0
1433. CK振出庫：複数レシピにマッチ、取込スキップ 粕屋CK '〇生サーモン入り握り盛合せ' JAN 2528510000000.0
1434. CK振出庫：複数レシピにマッチ、取込スキップ 粕屋CK '〇生サーモン入り握り盛合せ' JAN 2528510000000.0
1435. CK振出庫：複数レシピにマッチ、取込スキップ 粕屋CK '〇生サーモン入り握り盛合せ' JAN 2528510000000.0
1436. CK振出庫：複数レシピにマッチ、取込スキップ 粕屋CK '〇生サーモン入り握り盛合せ' JAN 2528510000000.0
1437. CK振出庫：複数レシピにマッチ、取込スキップ 粕屋CK '〇生サーモン入り握り盛合せ' JAN 2528510000000.0
1438. CK振出庫：複数レシピにマッチ、取込スキップ 粕屋CK '〇生サーモン入り握り盛合せ' JAN 2528510000000.0
1439. CK振出庫：複数レシピにマッチ、取込スキップ 粕屋CK '〇生サーモン入り握り盛合せ' JAN 2528510000000.0
1440. CK振出庫：複数レシピにマッチ、取込スキップ 粕屋CK '〇生サーモン入り握り盛合せ' JAN 2528510000000.0
1441. CK振出庫：複数レシピにマッチ、取込スキップ 粕屋CK '〇生サーモン入り握り盛合せ' JAN 2528510000000.0
1442. CK振出庫：複数レシピにマッチ、取込スキップ 粕屋CK '〇生サーモン入り握り盛合せ' JAN 2528510000000.0
1443. CK振出庫：複数レシピにマッチ、取込スキップ 粕屋CK '〇生サーモン入り握り盛合せ' JAN 2528510000000.0
1444. CK振出庫：複数レシピにマッチ、取込スキップ 粕屋CK '〇生サーモン入り握り盛合せ' JAN 2528510000000.0
1445. CK振出庫：複数レシピにマッチ、取込スキップ 粕屋CK '〇生サーモン入り握り盛合せ' JAN 2528510000000.0
1446. CK振出庫：複数レシピにマッチ、取込スキップ 粕屋CK '〇生サーモン入り握り盛合せ' JAN 2528510000000.0
1447. CK振出庫：複数レシピにマッチ、取込スキップ 粕屋CK '〇生サーモン入り握り盛合せ' JAN 2528510000000.0
1448. CK振出庫：複数レシピにマッチ、取込スキップ 粕屋CK '〇生サーモン入り握り盛合せ' JAN 2528510000000.0
1449. CK振出庫：複数レシピにマッチ、取込スキップ 粕屋CK '〇生サーモン入り握り盛合せ' JAN 2528510000000.0
1450. CK振出庫：複数レシピにマッチ、取込スキップ 粕屋CK '〇生サーモン入り握り盛合せ' JAN 2528510000000.0
1451. CK振出庫：複数レシピにマッチ、取込スキップ 粕屋CK '〇生サーモン入り握り盛合せ' JAN 2528510000000.0
1452. CK振出庫：複数レシピにマッチ、取込スキップ 粕屋CK '〇生サーモン入り握り盛合せ' JAN 2528510000000.0
1453. CK振出庫：複数レシピにマッチ、取込スキップ 粕屋CK '〇生サーモン入り握り盛合せ' JAN 2528510000000.0
1454. CK振出庫：複数レシピにマッチ、取込スキップ 粕屋CK '〇生サーモン入り握り盛合せ' JAN 2528510000000.0
1455. CK振出庫：複数レシピにマッチ、取込スキップ 粕屋CK '〇生サーモン入り握り盛合せ' JAN 2528510000000.0
1456. CK振出庫：複数レシピにマッチ、取込スキップ 粕屋CK '〇生サーモン入り握り盛合せ' JAN 2528510000000.0
1457. CK振出庫：複数レシピにマッチ、取込スキップ 粕屋CK '〇生サーモン入り握り盛合せ' JAN 2528510000000.0
1458. CK振出庫：複数レシピにマッチ、取込スキップ 粕屋CK '〇生サーモン入り握り盛合せ' JAN 2528510000000.0
1459. CK振出庫：複数レシピにマッチ、取込スキップ 粕屋CK '〇生サーモン入り握り盛合せ' JAN 2528510000000.0
1460. CK振出庫：複数レシピにマッチ、取込スキップ 粕屋CK '〇生サーモン入り握り盛合せ' JAN 2528510000000.0
1461. CK振出庫：複数レシピにマッチ、取込スキップ 粕屋CK '〇生サーモン入り握り盛合せ' JAN 2528510000000.0
1462. CK振出庫：複数レシピにマッチ、取込スキップ 粕屋CK '〇上にぎり６貫盛合せ' JAN 2528564000000.0
1463. CK振出庫：複数レシピにマッチ、取込スキップ 粕屋CK '〇上にぎり６貫盛合せ' JAN 2528564000000.0
1464. CK振出庫：複数レシピにマッチ、取込スキップ 粕屋CK '〇上にぎり６貫盛合せ' JAN 2528564000000.0
1465. CK振出庫：複数レシピにマッチ、取込スキップ 粕屋CK '〇上にぎり６貫盛合せ' JAN 2528564000000.0
1466. CK振出庫：複数レシピにマッチ、取込スキップ 粕屋CK '〇上にぎり６貫盛合せ' JAN 2528564000000.0
1467. CK振出庫：複数レシピにマッチ、取込スキップ 粕屋CK '〇上にぎり６貫盛合せ' JAN 2528564000000.0
1468. CK振出庫：複数レシピにマッチ、取込スキップ 粕屋CK '〇上にぎり６貫盛合せ' JAN 2528564000000.0
1469. CK振出庫：複数レシピにマッチ、取込スキップ 粕屋CK '〇上にぎり６貫盛合せ' JAN 2528564000000.0
1470. CK振出庫：複数レシピにマッチ、取込スキップ 粕屋CK '〇上にぎり６貫盛合せ' JAN 2528564000000.0
1471. CK振出庫：複数レシピにマッチ、取込スキップ 粕屋CK '〇上にぎり６貫盛合せ' JAN 2528564000000.0
1472. CK振出庫：複数レシピにマッチ、取込スキップ 粕屋CK '〇上にぎり６貫盛合せ' JAN 2528564000000.0
1473. CK振出庫：複数レシピにマッチ、取込スキップ 粕屋CK '〇上にぎり６貫盛合せ' JAN 2528564000000.0
1474. CK振出庫：複数レシピにマッチ、取込スキップ 粕屋CK '〇上にぎり６貫盛合せ' JAN 2528564000000.0
1475. CK振出庫：複数レシピにマッチ、取込スキップ 粕屋CK '〇上にぎり６貫盛合せ' JAN 2528564000000.0
1476. CK振出庫：複数レシピにマッチ、取込スキップ 粕屋CK '〇上にぎり６貫盛合せ' JAN 2528564000000.0
1477. CK振出庫：複数レシピにマッチ、取込スキップ 粕屋CK '〇上にぎり６貫盛合せ' JAN 2528564000000.0
1478. CK振出庫：複数レシピにマッチ、取込スキップ 粕屋CK '〇上にぎり６貫盛合せ' JAN 2528564000000.0
1479. CK振出庫：複数レシピにマッチ、取込スキップ 粕屋CK '〇上にぎり６貫盛合せ' JAN 2528564000000.0
1480. CK振出庫：複数レシピにマッチ、取込スキップ 粕屋CK '〇上にぎり６貫盛合せ' JAN 2528564000000.0
1481. CK振出庫：複数レシピにマッチ、取込スキップ 粕屋CK '〇上にぎり６貫盛合せ' JAN 2528564000000.0
1482. CK振出庫：複数レシピにマッチ、取込スキップ 粕屋CK '〇上にぎり６貫盛合せ' JAN 2528564000000.0
1483. CK振出庫：複数レシピにマッチ、取込スキップ 粕屋CK '〇上にぎり６貫盛合せ' JAN 2528564000000.0
1484. CK振出庫：複数レシピにマッチ、取込スキップ 粕屋CK '〇上にぎり６貫盛合せ' JAN 2528564000000.0
1485. CK振出庫：複数レシピにマッチ、取込スキップ 粕屋CK '〇上にぎり６貫盛合せ' JAN 2528564000000.0
1486. CK振出庫：複数レシピにマッチ、取込スキップ 粕屋CK '〇上にぎり６貫盛合せ' JAN 2528564000000.0
1487. CK振出庫：複数レシピにマッチ、取込スキップ 粕屋CK '〇上にぎり６貫盛合せ' JAN 2528564000000.0
1488. CK振出庫：複数レシピにマッチ、取込スキップ 粕屋CK '〇上にぎり６貫盛合せ' JAN 2528564000000.0
1489. CK振出庫：複数レシピにマッチ、取込スキップ 粕屋CK '〇上にぎり６貫盛合せ' JAN 2528564000000.0
1490. CK振出庫：複数レシピにマッチ、取込スキップ 粕屋CK '〇上にぎり６貫盛合せ' JAN 2528564000000.0
1491. CK振出庫：複数レシピにマッチ、取込スキップ 粕屋CK '〇上にぎり６貫盛合せ' JAN 2528564000000.0
1492. CK振出庫：複数レシピにマッチ、取込スキップ 粕屋CK '〇上にぎり６貫盛合せ' JAN 2528564000000.0
1493. CK振出庫：複数レシピにマッチ、取込スキップ 粕屋CK '〇上にぎり６貫盛合せ' JAN 2528564000000.0
1494. CK振出庫：複数レシピにマッチ、取込スキップ 粕屋CK '〇上にぎり６貫盛合せ' JAN 2528564000000.0
1495. CK振出庫：複数レシピにマッチ、取込スキップ 粕屋CK '〇上にぎり６貫盛合せ' JAN 2528564000000.0
1496. CK振出庫：複数レシピにマッチ、取込スキップ 粕屋CK '〇上にぎり６貫盛合せ' JAN 2528564000000.0
1497. CK振出庫：複数レシピにマッチ、取込スキップ 粕屋CK '〇上にぎり６貫盛合せ' JAN 2528564000000.0
1498. CK振出庫：複数レシピにマッチ、取込スキップ 粕屋CK '〇上にぎり６貫盛合せ' JAN 2528564000000.0
1499. CK振出庫：複数レシピにマッチ、取込スキップ 粕屋CK '〇上にぎり６貫盛合せ' JAN 2528564000000.0
1500. CK振出庫：複数レシピにマッチ、取込スキップ 粕屋CK '〇上にぎり６貫盛合せ' JAN 2528564000000.0
1501. CK振出庫：複数レシピにマッチ、取込スキップ 粕屋CK '〇上にぎり６貫盛合せ' JAN 2528564000000.0
1502. CK振出庫：複数レシピにマッチ、取込スキップ 粕屋CK '〇上にぎり６貫盛合せ' JAN 2528564000000.0
1503. CK振出庫：複数レシピにマッチ、取込スキップ 粕屋CK '〇上にぎり６貫盛合せ' JAN 2528564000000.0
1504. CK振出庫：複数レシピにマッチ、取込スキップ 粕屋CK '〇上にぎり６貫盛合せ' JAN 2528564000000.0
1505. CK振出庫：複数レシピにマッチ、取込スキップ 粕屋CK '〇上にぎり６貫盛合せ' JAN 2528564000000.0
1506. CK振出庫：複数レシピにマッチ、取込スキップ 粕屋CK '〇上にぎり６貫盛合せ' JAN 2528564000000.0
1507. CK振出庫：複数レシピにマッチ、取込スキップ 粕屋CK '〇上にぎり６貫盛合せ' JAN 2528564000000.0
1508. CK振出庫：複数レシピにマッチ、取込スキップ 粕屋CK '〇上にぎり６貫盛合せ' JAN 2528564000000.0
1509. CK振出庫：複数レシピにマッチ、取込スキップ 粕屋CK '〇上にぎり６貫盛合せ' JAN 2528564000000.0
1510. CK振出庫：複数レシピにマッチ、取込スキップ 粕屋CK '〇上にぎり６貫盛合せ' JAN 2528564000000.0
1511. CK振出庫：複数レシピにマッチ、取込スキップ 粕屋CK '〇上にぎり６貫盛合せ' JAN 2528564000000.0
1512. CK振出庫：複数レシピにマッチ、取込スキップ 粕屋CK '〇上にぎり６貫盛合せ' JAN 2528564000000.0
1513. CK振出庫：複数レシピにマッチ、取込スキップ 粕屋CK '〇上にぎり６貫盛合せ' JAN 2528564000000.0
1514. CK振出庫：複数レシピにマッチ、取込スキップ 粕屋CK '〇上にぎり６貫盛合せ' JAN 2528564000000.0
1515. CK振出庫：複数レシピにマッチ、取込スキップ 粕屋CK '〇上にぎり６貫盛合せ' JAN 2528564000000.0
1516. CK振出庫：複数レシピにマッチ、取込スキップ 粕屋CK '〇上にぎり６貫盛合せ' JAN 2528564000000.0
1517. CK振出庫：複数レシピにマッチ、取込スキップ 粕屋CK '〇上にぎり６貫盛合せ' JAN 2528564000000.0
1518. CK振出庫：複数レシピにマッチ、取込スキップ 粕屋CK '〇上にぎり６貫盛合せ' JAN 2528564000000.0
1519. CK振出庫：複数レシピにマッチ、取込スキップ 粕屋CK '〇上にぎり６貫盛合せ' JAN 2528564000000.0
1520. CK振出庫：複数レシピにマッチ、取込スキップ 粕屋CK '〇上にぎり６貫盛合せ' JAN 2528564000000.0
1521. CK振出庫：複数レシピにマッチ、取込スキップ 粕屋CK '〇上にぎり６貫盛合せ' JAN 2528564000000.0
1522. CK振出庫：複数レシピにマッチ、取込スキップ 粕屋CK '〇上にぎり６貫盛合せ' JAN 2528564000000.0
1523. CK振出庫：複数レシピにマッチ、取込スキップ 粕屋CK '〇上にぎり６貫盛合せ' JAN 2528564000000.0
1524. CK振出庫：複数レシピにマッチ、取込スキップ 粕屋CK '〇上にぎり６貫盛合せ' JAN 2528564000000.0
1525. CK振出庫：複数レシピにマッチ、取込スキップ 粕屋CK '〇上にぎり６貫盛合せ' JAN 2528564000000.0
1526. CK振出庫：複数レシピにマッチ、取込スキップ 粕屋CK '〇上にぎり６貫盛合せ' JAN 2528564000000.0
1527. CK振出庫：複数レシピにマッチ、取込スキップ 粕屋CK '〇上にぎり６貫盛合せ' JAN 2528564000000.0
1528. CK振出庫：複数レシピにマッチ、取込スキップ 粕屋CK '〇上にぎり６貫盛合せ' JAN 2528564000000.0
1529. CK振出庫：複数レシピにマッチ、取込スキップ 粕屋CK '〇上にぎり６貫盛合せ' JAN 2528564000000.0
1530. CK振出庫：複数レシピにマッチ、取込スキップ 粕屋CK '〇上にぎり６貫盛合せ' JAN 2528564000000.0
1531. CK振出庫：複数レシピにマッチ、取込スキップ 粕屋CK '〇上にぎり６貫盛合せ' JAN 2528564000000.0
1532. CK振出庫：複数レシピにマッチ、取込スキップ 粕屋CK '〇上にぎり６貫盛合せ' JAN 2528564000000.0
1533. CK振出庫：複数レシピにマッチ、取込スキップ 粕屋CK '〇上にぎり６貫盛合せ' JAN 2528564000000.0
1534. CK振出庫：複数レシピにマッチ、取込スキップ 粕屋CK '〇上にぎり６貫盛合せ' JAN 2528564000000.0
1535. CK振出庫：複数レシピにマッチ、取込スキップ 粕屋CK '〇上にぎり６貫盛合せ' JAN 2528564000000.0
1536. CK振出庫：複数レシピにマッチ、取込スキップ 粕屋CK '〇上にぎり６貫盛合せ' JAN 2528564000000.0
1537. CK振出庫：複数レシピにマッチ、取込スキップ 粕屋CK '〇上にぎり６貫盛合せ' JAN 2528564000000.0
1538. CK振出庫：複数レシピにマッチ、取込スキップ 粕屋CK '〇上にぎり６貫盛合せ' JAN 2528564000000.0
1539. CK振出庫：複数レシピにマッチ、取込スキップ 粕屋CK '〇上にぎり６貫盛合せ' JAN 2528564000000.0
1540. CK振出庫：複数レシピにマッチ、取込スキップ 粕屋CK '〇上にぎり６貫盛合せ' JAN 2528564000000.0
1541. CK振出庫：複数レシピにマッチ、取込スキップ 粕屋CK '〇上にぎり６貫盛合せ' JAN 2528564000000.0
1542. CK振出庫：複数レシピにマッチ、取込スキップ 粕屋CK '〇上にぎり６貫盛合せ' JAN 2528564000000.0
1543. CK振出庫：複数レシピにマッチ、取込スキップ 粕屋CK '〇上にぎり６貫盛合せ' JAN 2528564000000.0
1544. CK振出庫：複数レシピにマッチ、取込スキップ 粕屋CK '〇上にぎり６貫盛合せ' JAN 2528564000000.0
1545. CK振出庫：複数レシピにマッチ、取込スキップ 粕屋CK '〇上にぎり６貫盛合せ' JAN 2528564000000.0
1546. CK振出庫：複数レシピにマッチ、取込スキップ 粕屋CK '〇上にぎり６貫盛合せ' JAN 2528564000000.0
1547. CK振出庫：複数レシピにマッチ、取込スキップ 粕屋CK '〇上にぎり６貫盛合せ' JAN 2528564000000.0
1548. CK振出庫：複数レシピにマッチ、取込スキップ 粕屋CK '〇上にぎり６貫盛合せ' JAN 2528564000000.0
1549. CK振出庫：複数レシピにマッチ、取込スキップ 粕屋CK '〇上にぎり６貫盛合せ' JAN 2528564000000.0
1550. CK振出庫：複数レシピにマッチ、取込スキップ 粕屋CK '〇上にぎり６貫盛合せ' JAN 2528564000000.0
1551. CK振出庫：複数レシピにマッチ、取込スキップ 粕屋CK '〇上にぎり６貫盛合せ' JAN 2528564000000.0
1552. CK振出庫：複数レシピにマッチ、取込スキップ 粕屋CK '〇上にぎり６貫盛合せ' JAN 2528564000000.0
1553. CK振出庫：複数レシピにマッチ、取込スキップ 粕屋CK '〇上にぎり６貫盛合せ' JAN 2528564000000.0
1554. CK振出庫：複数レシピにマッチ、取込スキップ 粕屋CK '〇上にぎり６貫盛合せ' JAN 2528564000000.0
1555. CK振出庫：複数レシピにマッチ、取込スキップ 粕屋CK '〇上にぎり６貫盛合せ' JAN 2528564000000.0
1556. CK振出庫：複数レシピにマッチ、取込スキップ 粕屋CK '〇上にぎり６貫盛合せ' JAN 2528564000000.0
1557. CK振出庫：複数レシピにマッチ、取込スキップ 粕屋CK '〇上にぎり６貫盛合せ' JAN 2528564000000.0
1558. CK振出庫：複数レシピにマッチ、取込スキップ 粕屋CK '〇上にぎり６貫盛合せ' JAN 2528564000000.0
1559. CK振出庫：複数レシピにマッチ、取込スキップ 粕屋CK '〇上にぎり６貫盛合せ' JAN 2528564000000.0
1560. CK振出庫：複数レシピにマッチ、取込スキップ 粕屋CK '〇上にぎり６貫盛合せ' JAN 2528564000000.0
1561. CK振出庫：複数レシピにマッチ、取込スキップ 粕屋CK '〇上にぎり６貫盛合せ' JAN 2528564000000.0
1562. CK振出庫：複数レシピにマッチ、取込スキップ 粕屋CK '〇上にぎり６貫盛合せ' JAN 2528564000000.0
1563. CK振出庫：複数レシピにマッチ、取込スキップ 粕屋CK '〇上にぎり６貫盛合せ' JAN 2528564000000.0
1564. CK振出庫：複数レシピにマッチ、取込スキップ 粕屋CK '〇上にぎり６貫盛合せ' JAN 2528564000000.0
1565. CK振出庫：複数レシピにマッチ、取込スキップ 粕屋CK '〇上にぎり６貫盛合せ' JAN 2528564000000.0
1566. CK振出庫：複数レシピにマッチ、取込スキップ 粕屋CK '〇上にぎり６貫盛合せ' JAN 2528564000000.0
1567. CK振出庫：複数レシピにマッチ、取込スキップ 粕屋CK '〇上にぎり６貫盛合せ' JAN 2528564000000.0
1568. CK振出庫：複数レシピにマッチ、取込スキップ 粕屋CK '〇上にぎり６貫盛合せ' JAN 2528564000000.0
1569. CK振出庫：複数レシピにマッチ、取込スキップ 粕屋CK '〇上にぎり６貫盛合せ' JAN 2528564000000.0
1570. CK振出庫：複数レシピにマッチ、取込スキップ 粕屋CK '〇上にぎり６貫盛合せ' JAN 2528564000000.0
1571. CK振出庫：複数レシピにマッチ、取込スキップ 粕屋CK '〇上にぎり６貫盛合せ' JAN 2528564000000.0
1572. CK振出庫：複数レシピにマッチ、取込スキップ 粕屋CK '〇上にぎり６貫盛合せ' JAN 2528564000000.0
1573. CK振出庫：複数レシピにマッチ、取込スキップ 粕屋CK '〇上にぎり６貫盛合せ' JAN 2528564000000.0
1574. CK振出庫：複数レシピにマッチ、取込スキップ 粕屋CK '〇上にぎり６貫盛合せ' JAN 2528564000000.0
1575. CK振出庫：複数レシピにマッチ、取込スキップ 粕屋CK '〇上にぎり６貫盛合せ' JAN 2528564000000.0
1576. CK振出庫：複数レシピにマッチ、取込スキップ 粕屋CK '〇上にぎり６貫盛合せ' JAN 2528564000000.0
1577. CK振出庫：複数レシピにマッチ、取込スキップ 粕屋CK '〇上にぎり６貫盛合せ' JAN 2528564000000.0
1578. CK振出庫：複数レシピにマッチ、取込スキップ 粕屋CK '〇上にぎり６貫盛合せ' JAN 2528564000000.0
1579. CK振出庫：複数レシピにマッチ、取込スキップ 粕屋CK '〇上にぎり６貫盛合せ' JAN 2528564000000.0
1580. CK振出庫：複数レシピにマッチ、取込スキップ 粕屋CK '〇上にぎり６貫盛合せ' JAN 2528564000000.0
1581. CK振出庫：複数レシピにマッチ、取込スキップ 粕屋CK '〇上にぎり６貫盛合せ' JAN 2528564000000.0
1582. CK振出庫：複数レシピにマッチ、取込スキップ 粕屋CK '〇上にぎり６貫盛合せ' JAN 2528564000000.0
1583. CK振出庫：複数レシピにマッチ、取込スキップ 粕屋CK '〇上にぎり６貫盛合せ' JAN 2528564000000.0
1584. CK振出庫：複数レシピにマッチ、取込スキップ 粕屋CK '〇上にぎり６貫盛合せ' JAN 2528564000000.0
1585. CK振出庫：複数レシピにマッチ、取込スキップ 粕屋CK '〇上にぎり６貫盛合せ' JAN 2528564000000.0
1586. CK振出庫：複数レシピにマッチ、取込スキップ 粕屋CK '〇上にぎり６貫盛合せ' JAN 2528564000000.0
1587. CK振出庫：複数レシピにマッチ、取込スキップ 粕屋CK '〇上にぎり６貫盛合せ' JAN 2528564000000.0
1588. CK振出庫：複数レシピにマッチ、取込スキップ 粕屋CK '〇上にぎり６貫盛合せ' JAN 2528564000000.0
1589. CK振出庫：複数レシピにマッチ、取込スキップ 粕屋CK '〇上にぎり６貫盛合せ' JAN 2528564000000.0
1590. CK振出庫：複数レシピにマッチ、取込スキップ 粕屋CK '〇上にぎり６貫盛合せ' JAN 2528564000000.0
1591. CK振出庫：複数レシピにマッチ、取込スキップ 粕屋CK '〇上にぎり６貫盛合せ' JAN 2528564000000.0
1592. CK振出庫：複数レシピにマッチ、取込スキップ 粕屋CK '〇上にぎり６貫盛合せ' JAN 2528564000000.0
1593. CK振出庫：複数レシピにマッチ、取込スキップ 粕屋CK '〇上にぎり６貫盛合せ' JAN 2528564000000.0
1594. CK振出庫：複数レシピにマッチ、取込スキップ 粕屋CK '〇上にぎり６貫盛合せ' JAN 2528564000000.0
1595. CK振出庫：複数レシピにマッチ、取込スキップ 粕屋CK '〇上にぎり６貫盛合せ' JAN 2528564000000.0
1596. CK振出庫：複数レシピにマッチ、取込スキップ 粕屋CK '〇上にぎり６貫盛合せ' JAN 2528564000000.0
1597. CK振出庫：複数レシピにマッチ、取込スキップ 粕屋CK '〇上にぎり６貫盛合せ' JAN 2528564000000.0
1598. CK振出庫：複数レシピにマッチ、取込スキップ 粕屋CK '〇上にぎり６貫盛合せ' JAN 2528564000000.0
1599. CK振出庫：複数レシピにマッチ、取込スキップ 粕屋CK '〇上にぎり６貫盛合せ' JAN 2528564000000.0
1600. CK振出庫：複数レシピにマッチ、取込スキップ 粕屋CK '〇上にぎり６貫盛合せ' JAN 2528564000000.0
1601. CK振出庫：複数レシピにマッチ、取込スキップ 粕屋CK '〇上にぎり６貫盛合せ' JAN 2528564000000.0
1602. CK振出庫：複数レシピにマッチ、取込スキップ 粕屋CK '〇上にぎり６貫盛合せ' JAN 2528564000000.0
1603. CK振出庫：複数レシピにマッチ、取込スキップ 粕屋CK '〇上にぎり６貫盛合せ' JAN 2528564000000.0
1604. CK振出庫：複数レシピにマッチ、取込スキップ 粕屋CK '〇上にぎり６貫盛合せ' JAN 2528564000000.0
1605. CK振出庫：複数レシピにマッチ、取込スキップ 粕屋CK '〇上にぎり６貫盛合せ' JAN 2528564000000.0
1606. CK振出庫：複数レシピにマッチ、取込スキップ 粕屋CK '〇上にぎり６貫盛合せ' JAN 2528564000000.0
1607. CK振出庫：複数レシピにマッチ、取込スキップ 粕屋CK '〇上にぎり６貫盛合せ' JAN 2528564000000.0
1608. CK振出庫：複数レシピにマッチ、取込スキップ 粕屋CK '〇上にぎり６貫盛合せ' JAN 2528564000000.0
1609. CK振出庫：複数レシピにマッチ、取込スキップ 粕屋CK '〇上にぎり６貫盛合せ' JAN 2528564000000.0
1610. CK振出庫：複数レシピにマッチ、取込スキップ 粕屋CK '〇上にぎり６貫盛合せ' JAN 2528564000000.0
1611. CK振出庫：複数レシピにマッチ、取込スキップ 粕屋CK '〇上にぎり６貫盛合せ' JAN 2528564000000.0
1612. CK振出庫：複数レシピにマッチ、取込スキップ 粕屋CK '〇上にぎり６貫盛合せ' JAN 2528564000000.0
1613. CK振出庫：複数レシピにマッチ、取込スキップ 粕屋CK '〇上にぎり６貫盛合せ' JAN 2528564000000.0
1614. CK振出庫：複数レシピにマッチ、取込スキップ 粕屋CK '〇上にぎり６貫盛合せ' JAN 2528564000000.0
1615. CK振出庫：複数レシピにマッチ、取込スキップ 粕屋CK '〇上にぎり６貫盛合せ' JAN 2528564000000.0
1616. CK振出庫：複数レシピにマッチ、取込スキップ 粕屋CK '〇上にぎり６貫盛合せ' JAN 2528564000000.0
1617. CK振出庫：複数レシピにマッチ、取込スキップ 粕屋CK '〇上にぎり６貫盛合せ' JAN 2528564000000.0
1618. CK振出庫：複数レシピにマッチ、取込スキップ 粕屋CK '〇上にぎり６貫盛合せ' JAN 2528564000000.0
1619. CK振出庫：複数レシピにマッチ、取込スキップ 粕屋CK '〇上にぎり６貫盛合せ' JAN 2528564000000.0
1620. CK振出庫：複数レシピにマッチ、取込スキップ 粕屋CK '〇上にぎり６貫盛合せ' JAN 2528564000000.0
1621. CK振出庫：複数レシピにマッチ、取込スキップ 粕屋CK '〇上にぎり６貫盛合せ' JAN 2528564000000.0
1622. CK振出庫：複数レシピにマッチ、取込スキップ 粕屋CK '〇上にぎり６貫盛合せ' JAN 2528564000000.0
1623. CK振出庫：複数レシピにマッチ、取込スキップ 粕屋CK '〇上にぎり６貫盛合せ' JAN 2528564000000.0
1624. CK振出庫：複数レシピにマッチ、取込スキップ 粕屋CK '〇上にぎり６貫盛合せ' JAN 2528564000000.0
1625. CK振出庫：複数レシピにマッチ、取込スキップ 粕屋CK '〇上にぎり６貫盛合せ' JAN 2528564000000.0
1626. CK振出庫：複数レシピにマッチ、取込スキップ 粕屋CK '〇上にぎり６貫盛合せ' JAN 2528564000000.0
1627. CK振出庫：複数レシピにマッチ、取込スキップ 粕屋CK '〇上にぎり６貫盛合せ' JAN 2528564000000.0
1628. CK振出庫：複数レシピにマッチ、取込スキップ 粕屋CK '〇上にぎり６貫盛合せ' JAN 2528564000000.0
1629. CK振出庫：複数レシピにマッチ、取込スキップ 粕屋CK '〇上にぎり６貫盛合せ' JAN 2528564000000.0
1630. CK振出庫：複数レシピにマッチ、取込スキップ 粕屋CK '〇上にぎり６貫盛合せ' JAN 2528564000000.0
1631. CK振出庫：複数レシピにマッチ、取込スキップ 粕屋CK '〇上にぎり６貫盛合せ' JAN 2528564000000.0
1632. CK振出庫：複数レシピにマッチ、取込スキップ 粕屋CK '〇上にぎり６貫盛合せ' JAN 2528564000000.0
1633. CK振出庫：複数レシピにマッチ、取込スキップ 粕屋CK '〇上にぎり６貫盛合せ' JAN 2528564000000.0
1634. CK振出庫：複数レシピにマッチ、取込スキップ 粕屋CK '〇上にぎり６貫盛合せ' JAN 2528564000000.0
1635. CK振出庫：複数レシピにマッチ、取込スキップ 粕屋CK '〇上にぎり６貫盛合せ' JAN 2528564000000.0
1636. CK振出庫：複数レシピにマッチ、取込スキップ 粕屋CK '〇上にぎり６貫盛合せ' JAN 2528564000000.0
1637. CK振出庫：複数レシピにマッチ、取込スキップ 粕屋CK '〇上にぎり６貫盛合せ' JAN 2528564000000.0
1638. CK振出庫：複数レシピにマッチ、取込スキップ 粕屋CK '〇上にぎり６貫盛合せ' JAN 2528564000000.0
1639. CK振出庫：複数レシピにマッチ、取込スキップ 粕屋CK '〇上にぎり６貫盛合せ' JAN 2528564000000.0
1640. CK振出庫：複数レシピにマッチ、取込スキップ 粕屋CK '〇上にぎり６貫盛合せ' JAN 2528564000000.0
1641. CK振出庫：複数レシピにマッチ、取込スキップ 粕屋CK '〇上にぎり６貫盛合せ' JAN 2528564000000.0
1642. CK振出庫：複数レシピにマッチ、取込スキップ 粕屋CK '〇上にぎり６貫盛合せ' JAN 2528564000000.0
1643. CK振出庫：複数レシピにマッチ、取込スキップ 粕屋CK '〇上にぎり６貫盛合せ' JAN 2528564000000.0
1644. CK振出庫：複数レシピにマッチ、取込スキップ 粕屋CK '〇上にぎり６貫盛合せ' JAN 2528564000000.0
1645. CK振出庫：複数レシピにマッチ、取込スキップ 粕屋CK '〇上にぎり６貫盛合せ' JAN 2528564000000.0
1646. CK振出庫：複数レシピにマッチ、取込スキップ 粕屋CK '〇上にぎり６貫盛合せ' JAN 2528564000000.0
1647. CK振出庫：複数レシピにマッチ、取込スキップ 粕屋CK '〇上にぎり６貫盛合せ' JAN 2528564000000.0
1648. CK振出庫：複数レシピにマッチ、取込スキップ 粕屋CK '〇上にぎり６貫盛合せ' JAN 2528564000000.0
1649. CK振出庫：複数レシピにマッチ、取込スキップ 粕屋CK '〇上にぎり６貫盛合せ' JAN 2528564000000.0
1650. CK振出庫：複数レシピにマッチ、取込スキップ 粕屋CK '〇上にぎり６貫盛合せ' JAN 2528564000000.0
1651. CK振出庫：複数レシピにマッチ、取込スキップ 粕屋CK '〇上にぎり６貫盛合せ' JAN 2528564000000.0
1652. CK振出庫：複数レシピにマッチ、取込スキップ 粕屋CK '〇上にぎり６貫盛合せ' JAN 2528564000000.0
1653. CK振出庫：複数レシピにマッチ、取込スキップ 粕屋CK '〇上にぎり６貫盛合せ' JAN 2528564000000.0
1654. CK振出庫：複数レシピにマッチ、取込スキップ 粕屋CK '〇上にぎり６貫盛合せ' JAN 2528564000000.0
1655. CK振出庫：複数レシピにマッチ、取込スキップ 粕屋CK '〇上にぎり６貫盛合せ' JAN 2528564000000.0
1656. CK振出庫：複数レシピにマッチ、取込スキップ 粕屋CK '〇上にぎり６貫盛合せ' JAN 2528564000000.0
1657. CK振出庫：複数レシピにマッチ、取込スキップ 粕屋CK '〇上にぎり６貫盛合せ' JAN 2528564000000.0
1658. CK振出庫：複数レシピにマッチ、取込スキップ 粕屋CK '〇上にぎり６貫盛合せ' JAN 2528564000000.0
1659. CK振出庫：複数レシピにマッチ、取込スキップ 粕屋CK '〇上にぎり６貫盛合せ' JAN 2528564000000.0
1660. CK振出庫：複数レシピにマッチ、取込スキップ 粕屋CK '〇上にぎり６貫盛合せ' JAN 2528564000000.0
1661. CK振出庫：複数レシピにマッチ、取込スキップ 粕屋CK '〇上にぎり６貫盛合せ' JAN 2528564000000.0
1662. CK振出庫：複数レシピにマッチ、取込スキップ 粕屋CK '〇上にぎり６貫盛合せ' JAN 2528564000000.0
1663. CK振出庫：複数レシピにマッチ、取込スキップ 粕屋CK '〇上にぎり６貫盛合せ' JAN 2528564000000.0
1664. CK振出庫：複数レシピにマッチ、取込スキップ 粕屋CK '〇上にぎり６貫盛合せ' JAN 2528564000000.0
1665. CK振出庫：複数レシピにマッチ、取込スキップ 粕屋CK '〇上にぎり６貫盛合せ' JAN 2528564000000.0
1666. CK振出庫：複数レシピにマッチ、取込スキップ 粕屋CK '〇上にぎり６貫盛合せ' JAN 2528564000000.0
1667. CK振出庫：複数レシピにマッチ、取込スキップ 粕屋CK '〇上にぎり６貫盛合せ' JAN 2528564000000.0
1668. CK振出庫：複数レシピにマッチ、取込スキップ 粕屋CK '〇上にぎり６貫盛合せ' JAN 2528564000000.0
1669. CK振出庫：複数レシピにマッチ、取込スキップ 粕屋CK '〇北海尽くし' JAN 2535865000000.0
1670. CK振出庫：複数レシピにマッチ、取込スキップ 粕屋CK '〇北海尽くし' JAN 2535865000000.0
1671. CK振出庫：複数レシピにマッチ、取込スキップ 粕屋CK '〇北海尽くし' JAN 2535865000000.0
1672. CK振出庫：複数レシピにマッチ、取込スキップ 粕屋CK '〇北海尽くし' JAN 2535865000000.0
1673. CK振出庫：複数レシピにマッチ、取込スキップ 粕屋CK '〇北海尽くし' JAN 2535865000000.0
1674. CK振出庫：複数レシピにマッチ、取込スキップ 粕屋CK '〇北海尽くし' JAN 2535865000000.0
1675. CK振出庫：複数レシピにマッチ、取込スキップ 粕屋CK '〇北海尽くし' JAN 2535865000000.0
1676. CK振出庫：複数レシピにマッチ、取込スキップ 粕屋CK '〇北海尽くし' JAN 2535865000000.0
1677. CK振出庫：複数レシピにマッチ、取込スキップ 粕屋CK '〇北海尽くし' JAN 2535865000000.0
1678. CK振出庫：複数レシピにマッチ、取込スキップ 粕屋CK '〇北海尽くし' JAN 2535865000000.0
1679. CK振出庫：複数レシピにマッチ、取込スキップ 粕屋CK '〇北海尽くし' JAN 2535865000000.0
1680. CK振出庫：複数レシピにマッチ、取込スキップ 粕屋CK '〇北海尽くし' JAN 2535865000000.0
1681. CK振出庫：複数レシピにマッチ、取込スキップ 粕屋CK '〇北海尽くし' JAN 2535865000000.0
1682. CK振出庫：複数レシピにマッチ、取込スキップ 粕屋CK '〇北海尽くし' JAN 2535865000000.0
1683. CK振出庫：複数レシピにマッチ、取込スキップ 粕屋CK '〇北海尽くし' JAN 2535865000000.0
1684. CK振出庫：複数レシピにマッチ、取込スキップ 粕屋CK '〇北海尽くし' JAN 2535865000000.0
1685. CK振出庫：複数レシピにマッチ、取込スキップ 粕屋CK '〇上寿司１２貫' JAN 2535867000000.0
1686. CK振出庫：複数レシピにマッチ、取込スキップ 粕屋CK '〇上寿司１２貫' JAN 2535867000000.0
1687. CK振出庫：複数レシピにマッチ、取込スキップ 粕屋CK '〇上寿司１２貫' JAN 2535867000000.0
1688. CK振出庫：複数レシピにマッチ、取込スキップ 粕屋CK '〇上寿司１２貫' JAN 2535867000000.0
1689. CK振出庫：複数レシピにマッチ、取込スキップ 粕屋CK '〇上寿司１２貫' JAN 2535867000000.0
1690. CK振出庫：複数レシピにマッチ、取込スキップ 粕屋CK '〇上寿司１２貫' JAN 2535867000000.0
1691. CK振出庫：複数レシピにマッチ、取込スキップ 粕屋CK '〇上寿司１２貫' JAN 2535867000000.0
1692. CK振出庫：複数レシピにマッチ、取込スキップ 粕屋CK '〇上寿司１２貫' JAN 2535867000000.0
1693. CK振出庫：複数レシピにマッチ、取込スキップ 粕屋CK '〇上寿司１２貫' JAN 2535867000000.0
1694. CK振出庫：複数レシピにマッチ、取込スキップ 粕屋CK '〇上寿司１２貫' JAN 2535867000000.0
1695. CK振出庫：商品名でJAN置換 粕屋CK '〇うなぎ蒲焼にぎり' JAN 2543434000000.0 → 2543434000000
1696. CK振出庫：商品名でJAN置換 粕屋CK '〇うなぎ蒲焼にぎり' JAN 2543434000000.0 → 2543434000000
1697. CK振出庫：商品名でJAN置換 粕屋CK '〇うなぎ蒲焼にぎり' JAN 2543434000000.0 → 2543434000000
1698. CK振出庫：商品名でJAN置換 粕屋CK '〇うなぎ蒲焼にぎり' JAN 2543434000000.0 → 2543434000000
1699. CK振出庫：商品名でJAN置換 粕屋CK '〇うなぎ蒲焼にぎり' JAN 2543434000000.0 → 2543434000000
1700. CK振出庫：商品名でJAN置換 粕屋CK '〇うなぎ蒲焼にぎり' JAN 2543434000000.0 → 2543434000000
1701. CK振出庫：商品名でJAN置換 粕屋CK '〇うなぎ蒲焼にぎり' JAN 2543434000000.0 → 2543434000000
1702. CK振出庫：商品名でJAN置換 粕屋CK '〇うなぎ蒲焼にぎり' JAN 2543434000000.0 → 2543434000000
1703. CK振出庫：商品名でJAN置換 粕屋CK '〇うなぎ蒲焼にぎり' JAN 2543434000000.0 → 2543434000000
1704. CK振出庫：商品名でJAN置換 粕屋CK '〇うなぎ蒲焼にぎり' JAN 2543434000000.0 → 2543434000000
1705. CK振出庫：商品名でJAN置換 粕屋CK '〇うなぎ蒲焼にぎり' JAN 2543434000000.0 → 2543434000000
1706. CK振出庫：商品名でJAN置換 粕屋CK '〇うなぎ蒲焼にぎり' JAN 2543434000000.0 → 2543434000000
1707. CK振出庫：商品名でJAN置換 粕屋CK '〇うなぎ蒲焼にぎり' JAN 2543434000000.0 → 2543434000000
1708. CK振出庫：商品名でJAN置換 粕屋CK '〇うなぎ蒲焼にぎり' JAN 2543434000000.0 → 2543434000000
1709. CK振出庫：商品名でJAN置換 粕屋CK '〇うなぎ蒲焼にぎり' JAN 2543434000000.0 → 2543434000000
1710. CK振出庫：商品名でJAN置換 粕屋CK '〇うなぎ蒲焼にぎり' JAN 2543434000000.0 → 2543434000000
1711. CK振出庫：商品名でJAN置換 粕屋CK '〇うなぎ蒲焼にぎり' JAN 2543434000000.0 → 2543434000000
1712. CK振出庫：商品名でJAN置換 粕屋CK '〇うなぎ蒲焼にぎり' JAN 2543434000000.0 → 2543434000000
1713. CK振出庫：商品名でJAN置換 粕屋CK '〇うなぎ蒲焼にぎり' JAN 2543434000000.0 → 2543434000000
1714. CK振出庫：商品名でJAN置換 粕屋CK '〇うなぎ蒲焼にぎり' JAN 2543434000000.0 → 2543434000000
1715. CK振出庫：商品名でJAN置換 粕屋CK '〇うなぎ蒲焼にぎり' JAN 2543434000000.0 → 2543434000000
1716. CK振出庫：商品名でJAN置換 粕屋CK '〇うなぎ蒲焼にぎり' JAN 2543434000000.0 → 2543434000000
1717. CK振出庫：商品名でJAN置換 粕屋CK '〇うなぎ蒲焼にぎり' JAN 2543434000000.0 → 2543434000000
1718. CK振出庫：商品名でJAN置換 粕屋CK '〇うなぎ蒲焼にぎり' JAN 2543434000000.0 → 2543434000000
1719. CK振出庫：商品名でJAN置換 粕屋CK '〇うなぎ蒲焼にぎり' JAN 2543434000000.0 → 2543434000000
1720. CK振出庫：商品名でJAN置換 粕屋CK '〇うなぎ蒲焼にぎり' JAN 2543434000000.0 → 2543434000000
1721. CK振出庫：商品名でJAN置換 粕屋CK '〇うなぎ蒲焼にぎり' JAN 2543434000000.0 → 2543434000000
1722. CK振出庫：商品名でJAN置換 粕屋CK '〇うなぎ蒲焼にぎり' JAN 2543434000000.0 → 2543434000000
1723. CK振出庫：商品名でJAN置換 粕屋CK '〇うなぎ蒲焼にぎり' JAN 2543434000000.0 → 2543434000000
1724. CK振出庫：商品名でJAN置換 粕屋CK '〇うなぎ蒲焼にぎり' JAN 2543434000000.0 → 2543434000000
1725. CK振出庫：商品名でJAN置換 粕屋CK '〇うなぎ蒲焼にぎり' JAN 2543434000000.0 → 2543434000000
1726. CK振出庫：商品名でJAN置換 粕屋CK '〇うなぎ蒲焼にぎり' JAN 2543434000000.0 → 2543434000000
1727. CK振出庫：商品名でJAN置換 粕屋CK '〇うなぎ蒲焼にぎり' JAN 2543434000000.0 → 2543434000000
1728. CK振出庫：商品名でJAN置換 粕屋CK '〇うなぎ蒲焼にぎり' JAN 2543434000000.0 → 2543434000000
1729. CK振出庫：商品名でJAN置換 粕屋CK '〇うなぎ蒲焼にぎり' JAN 2543434000000.0 → 2543434000000
1730. CK振出庫：商品名でJAN置換 粕屋CK '〇うなぎ蒲焼にぎり' JAN 2543434000000.0 → 2543434000000
1731. CK振出庫：商品名でJAN置換 粕屋CK '〇うなぎ蒲焼にぎり' JAN 2543434000000.0 → 2543434000000
1732. CK振出庫：商品名でJAN置換 粕屋CK '〇うなぎ蒲焼にぎり' JAN 2543434000000.0 → 2543434000000
1733. CK振出庫：商品名でJAN置換 粕屋CK '〇うなぎ蒲焼にぎり' JAN 2543434000000.0 → 2543434000000
1734. CK振出庫：商品名でJAN置換 粕屋CK '〇うなぎ蒲焼にぎり' JAN 2543434000000.0 → 2543434000000
1735. CK振出庫：商品名でJAN置換 粕屋CK '〇うなぎ蒲焼にぎり' JAN 2543434000000.0 → 2543434000000
1736. CK振出庫：商品名でJAN置換 粕屋CK '〇うなぎ蒲焼にぎり' JAN 2543434000000.0 → 2543434000000
1737. CK振出庫：商品名でJAN置換 粕屋CK '〇うなぎ蒲焼にぎり' JAN 2543434000000.0 → 2543434000000
1738. CK振出庫：商品名でJAN置換 粕屋CK '〇うなぎ蒲焼にぎり' JAN 2543434000000.0 → 2543434000000
1739. CK振出庫：商品名でJAN置換 粕屋CK '〇うなぎ蒲焼にぎり' JAN 2543434000000.0 → 2543434000000
1740. CK振出庫：商品名でJAN置換 粕屋CK '〇うなぎ蒲焼にぎり' JAN 2543434000000.0 → 2543434000000
1741. CK振出庫：商品名でJAN置換 粕屋CK '〇うなぎ蒲焼にぎり' JAN 2543434000000.0 → 2543434000000
1742. CK振出庫：商品名でJAN置換 粕屋CK '〇うなぎ蒲焼にぎり' JAN 2543434000000.0 → 2543434000000
1743. CK振出庫：商品名でJAN置換 粕屋CK '〇うなぎ蒲焼にぎり' JAN 2543434000000.0 → 2543434000000
1744. CK振出庫：商品名でJAN置換 粕屋CK '〇うなぎ蒲焼にぎり' JAN 2543434000000.0 → 2543434000000
1745. CK振出庫：商品名でJAN置換 粕屋CK '〇うなぎ蒲焼にぎり' JAN 2543434000000.0 → 2543434000000
1746. CK振出庫：商品名でJAN置換 粕屋CK '〇うなぎ蒲焼にぎり' JAN 2543434000000.0 → 2543434000000
1747. CK振出庫：商品名でJAN置換 粕屋CK '〇うなぎ蒲焼にぎり' JAN 2543434000000.0 → 2543434000000
1748. CK振出庫：商品名でJAN置換 粕屋CK '〇うなぎ蒲焼にぎり' JAN 2543434000000.0 → 2543434000000
1749. CK振出庫：商品名でJAN置換 粕屋CK '〇うなぎ蒲焼にぎり' JAN 2543434000000.0 → 2543434000000
1750. CK振出庫：商品名でJAN置換 粕屋CK '〇うなぎ蒲焼にぎり' JAN 2543434000000.0 → 2543434000000
1751. CK振出庫：商品名でJAN置換 粕屋CK '〇うなぎ蒲焼にぎり' JAN 2543434000000.0 → 2543434000000
1752. CK振出庫：商品名でJAN置換 粕屋CK '〇うなぎ蒲焼にぎり' JAN 2543434000000.0 → 2543434000000
1753. CK振出庫：商品名でJAN置換 粕屋CK '〇うなぎ蒲焼にぎり' JAN 2543434000000.0 → 2543434000000
1754. CK振出庫：商品名でJAN置換 粕屋CK '〇うなぎ蒲焼にぎり' JAN 2543434000000.0 → 2543434000000
1755. CK振出庫：商品名でJAN置換 粕屋CK '〇うなぎ蒲焼にぎり' JAN 2543434000000.0 → 2543434000000
1756. CK振出庫：商品名でJAN置換 粕屋CK '〇うなぎ蒲焼にぎり' JAN 2543434000000.0 → 2543434000000
1757. CK振出庫：商品名でJAN置換 粕屋CK '〇うなぎ蒲焼にぎり' JAN 2543434000000.0 → 2543434000000
1758. CK振出庫：商品名でJAN置換 粕屋CK '〇うなぎ蒲焼にぎり' JAN 2543434000000.0 → 2543434000000
1759. CK振出庫：商品名でJAN置換 粕屋CK '〇うなぎ蒲焼にぎり' JAN 2543434000000.0 → 2543434000000
1760. CK振出庫：商品名でJAN置換 粕屋CK '〇うなぎ蒲焼にぎり' JAN 2543434000000.0 → 2543434000000
1761. CK振出庫：商品名でJAN置換 粕屋CK '〇うなぎ蒲焼にぎり' JAN 2543434000000.0 → 2543434000000
1762. CK振出庫：商品名でJAN置換 粕屋CK '〇うなぎ蒲焼にぎり' JAN 2543434000000.0 → 2543434000000
1763. CK振出庫：商品名でJAN置換 粕屋CK '〇うなぎ蒲焼にぎり' JAN 2543434000000.0 → 2543434000000
1764. CK振出庫：商品名でJAN置換 粕屋CK '〇うなぎ蒲焼にぎり' JAN 2543434000000.0 → 2543434000000
1765. CK振出庫：商品名でJAN置換 粕屋CK '〇うなぎ蒲焼にぎり' JAN 2543434000000.0 → 2543434000000
1766. CK振出庫：商品名でJAN置換 粕屋CK '〇うなぎ蒲焼にぎり' JAN 2543434000000.0 → 2543434000000
1767. CK振出庫：商品名でJAN置換 粕屋CK '〇うなぎ蒲焼にぎり' JAN 2543434000000.0 → 2543434000000
1768. CK振出庫：商品名でJAN置換 粕屋CK '〇うなぎ蒲焼にぎり' JAN 2543434000000.0 → 2543434000000
1769. CK振出庫：商品名でJAN置換 粕屋CK '〇うなぎ蒲焼にぎり' JAN 2543434000000.0 → 2543434000000
1770. CK振出庫：商品名でJAN置換 粕屋CK '〇うなぎ蒲焼にぎり' JAN 2543434000000.0 → 2543434000000
1771. CK振出庫：商品名でJAN置換 粕屋CK '〇うなぎ蒲焼にぎり' JAN 2543434000000.0 → 2543434000000
1772. CK振出庫：商品名でJAN置換 粕屋CK '〇うなぎ蒲焼にぎり' JAN 2543434000000.0 → 2543434000000
1773. CK振出庫：商品名でJAN置換 粕屋CK '〇うなぎ蒲焼にぎり' JAN 2543434000000.0 → 2543434000000
1774. CK振出庫：商品名でJAN置換 粕屋CK '〇うなぎ蒲焼にぎり' JAN 2543434000000.0 → 2543434000000
1775. CK振出庫：商品名でJAN置換 粕屋CK '〇うなぎ蒲焼にぎり' JAN 2543434000000.0 → 2543434000000
1776. CK振出庫：商品名でJAN置換 粕屋CK '〇うなぎ蒲焼にぎり' JAN 2543434000000.0 → 2543434000000
1777. CK振出庫：商品名でJAN置換 粕屋CK '〇うなぎ蒲焼にぎり' JAN 2543434000000.0 → 2543434000000
1778. CK振出庫：商品名でJAN置換 粕屋CK '〇うなぎ蒲焼にぎり' JAN 2543434000000.0 → 2543434000000
1779. CK振出庫：商品名でJAN置換 粕屋CK '〇うなぎ蒲焼にぎり' JAN 2543434000000.0 → 2543434000000
1780. CK振出庫：商品名でJAN置換 粕屋CK '〇うなぎ蒲焼にぎり' JAN 2543434000000.0 → 2543434000000
1781. CK振出庫：商品名でJAN置換 粕屋CK '〇うなぎ蒲焼にぎり' JAN 2543434000000.0 → 2543434000000
1782. CK振出庫：商品名でJAN置換 粕屋CK '〇うなぎ蒲焼にぎり' JAN 2543434000000.0 → 2543434000000
1783. CK振出庫：商品名でJAN置換 粕屋CK '〇うなぎ蒲焼にぎり' JAN 2543434000000.0 → 2543434000000
1784. CK振出庫：商品名でJAN置換 粕屋CK '〇うなぎ蒲焼にぎり' JAN 2543434000000.0 → 2543434000000
1785. CK振出庫：商品名でJAN置換 粕屋CK '〇うなぎ蒲焼にぎり' JAN 2543434000000.0 → 2543434000000
1786. CK振出庫：商品名でJAN置換 粕屋CK '〇うなぎ蒲焼にぎり' JAN 2543434000000.0 → 2543434000000
1787. CK振出庫：商品名でJAN置換 粕屋CK '〇うなぎ蒲焼にぎり' JAN 2543434000000.0 → 2543434000000
1788. CK振出庫：商品名でJAN置換 粕屋CK '〇うなぎ蒲焼にぎり' JAN 2543434000000.0 → 2543434000000
1789. CK振出庫：商品名でJAN置換 粕屋CK '〇うなぎ蒲焼にぎり' JAN 2543434000000.0 → 2543434000000
1790. CK振出庫：商品名でJAN置換 粕屋CK '〇うなぎ蒲焼にぎり' JAN 2543434000000.0 → 2543434000000
1791. CK振出庫：商品名でJAN置換 粕屋CK '〇うなぎ蒲焼にぎり' JAN 2543434000000.0 → 2543434000000
1792. CK振出庫：商品名でJAN置換 粕屋CK '〇うなぎ蒲焼にぎり' JAN 2543434000000.0 → 2543434000000
1793. CK振出庫：商品名でJAN置換 粕屋CK '〇うなぎ蒲焼にぎり' JAN 2543434000000.0 → 2543434000000
1794. CK振出庫：商品名でJAN置換 粕屋CK '〇うなぎ蒲焼にぎり' JAN 2543434000000.0 → 2543434000000
1795. CK振出庫：商品名でJAN置換 粕屋CK '〇うなぎ蒲焼にぎり' JAN 2543434000000.0 → 2543434000000
1796. CK振出庫：商品名でJAN置換 粕屋CK '〇うなぎ蒲焼にぎり' JAN 2543434000000.0 → 2543434000000
1797. CK振出庫：商品名でJAN置換 粕屋CK '〇うなぎ蒲焼にぎり' JAN 2543434000000.0 → 2543434000000
1798. CK振出庫：商品名でJAN置換 粕屋CK '〇うなぎ蒲焼にぎり' JAN 2543434000000.0 → 2543434000000
1799. CK振出庫：商品名でJAN置換 粕屋CK '〇うなぎ蒲焼にぎり' JAN 2543434000000.0 → 2543434000000
1800. CK振出庫：商品名でJAN置換 粕屋CK '〇うなぎ蒲焼にぎり' JAN 2543434000000.0 → 2543434000000
1801. CK振出庫：商品名でJAN置換 粕屋CK '〇うなぎ蒲焼にぎり' JAN 2543434000000.0 → 2543434000000
1802. CK振出庫：商品名でJAN置換 粕屋CK '〇うなぎ蒲焼にぎり' JAN 2543434000000.0 → 2543434000000
1803. CK振出庫：商品名でJAN置換 粕屋CK '〇うなぎ蒲焼にぎり' JAN 2543434000000.0 → 2543434000000
1804. CK振出庫：商品名でJAN置換 粕屋CK '〇うなぎ蒲焼にぎり' JAN 2543434000000.0 → 2543434000000
1805. CK振出庫：商品名でJAN置換 粕屋CK '〇うなぎ蒲焼にぎり' JAN 2543434000000.0 → 2543434000000
1806. CK振出庫：商品名でJAN置換 粕屋CK '〇うなぎ蒲焼にぎり' JAN 2543434000000.0 → 2543434000000
1807. CK振出庫：商品名でJAN置換 粕屋CK '〇うなぎ蒲焼にぎり' JAN 2543434000000.0 → 2543434000000
1808. CK振出庫：商品名でJAN置換 粕屋CK '〇うなぎ蒲焼にぎり' JAN 2543434000000.0 → 2543434000000
1809. CK振出庫：商品名でJAN置換 粕屋CK '〇うなぎ蒲焼にぎり' JAN 2543434000000.0 → 2543434000000
1810. CK振出庫：商品名でJAN置換 粕屋CK '〇うなぎ蒲焼にぎり' JAN 2543434000000.0 → 2543434000000
1811. CK振出庫：商品名でJAN置換 粕屋CK '〇うなぎ蒲焼にぎり' JAN 2543434000000.0 → 2543434000000
1812. CK振出庫：商品名でJAN置換 粕屋CK '〇うなぎ蒲焼にぎり' JAN 2543434000000.0 → 2543434000000
1813. CK振出庫：商品名でJAN置換 粕屋CK '〇うなぎ蒲焼にぎり' JAN 2543434000000.0 → 2543434000000
1814. CK振出庫：商品名でJAN置換 粕屋CK '〇うなぎ蒲焼にぎり' JAN 2543434000000.0 → 2543434000000
1815. CK振出庫：商品名でJAN置換 粕屋CK '〇うなぎ蒲焼にぎり' JAN 2543434000000.0 → 2543434000000
1816. CK振出庫：商品名でJAN置換 粕屋CK '〇うなぎ蒲焼にぎり' JAN 2543434000000.0 → 2543434000000
1817. CK振出庫：商品名でJAN置換 粕屋CK '〇うなぎ蒲焼にぎり' JAN 2543434000000.0 → 2543434000000
1818. CK振出庫：商品名でJAN置換 粕屋CK '〇うなぎ蒲焼にぎり' JAN 2543434000000.0 → 2543434000000
1819. CK振出庫：商品名でJAN置換 粕屋CK '〇うなぎ蒲焼にぎり' JAN 2543434000000.0 → 2543434000000
1820. CK振出庫：商品名でJAN置換 粕屋CK '〇うなぎ蒲焼にぎり' JAN 2543434000000.0 → 2543434000000
1821. CK振出庫：商品名でJAN置換 粕屋CK '〇うなぎ蒲焼にぎり' JAN 2543434000000.0 → 2543434000000
1822. CK振出庫：商品名でJAN置換 粕屋CK '〇うなぎ蒲焼にぎり' JAN 2543434000000.0 → 2543434000000
1823. CK振出庫：商品名でJAN置換 粕屋CK '〇うなぎ蒲焼にぎり' JAN 2543434000000.0 → 2543434000000
1824. CK振出庫：商品名でJAN置換 粕屋CK '〇うなぎ蒲焼にぎり' JAN 2543434000000.0 → 2543434000000
1825. CK振出庫：商品名でJAN置換 粕屋CK '〇うなぎ蒲焼にぎり' JAN 2543434000000.0 → 2543434000000
1826. CK振出庫：商品名でJAN置換 粕屋CK '〇うなぎ蒲焼にぎり' JAN 2543434000000.0 → 2543434000000
1827. CK振出庫：商品名でJAN置換 粕屋CK '〇うなぎ蒲焼にぎり' JAN 2543434000000.0 → 2543434000000
1828. CK振出庫：商品名でJAN置換 粕屋CK '〇うなぎ蒲焼にぎり' JAN 2543434000000.0 → 2543434000000
1829. CK振出庫：商品名でJAN置換 粕屋CK '〇うなぎ蒲焼にぎり' JAN 2543434000000.0 → 2543434000000
1830. CK振出庫：商品名でJAN置換 粕屋CK '〇うなぎ蒲焼にぎり' JAN 2543434000000.0 → 2543434000000
1831. CK振出庫：商品名でJAN置換 粕屋CK '〇うなぎ蒲焼にぎり' JAN 2543434000000.0 → 2543434000000
1832. CK振出庫：商品名でJAN置換 粕屋CK '〇うなぎ蒲焼にぎり' JAN 2543434000000.0 → 2543434000000
1833. CK振出庫：商品名でJAN置換 粕屋CK '〇うなぎ蒲焼にぎり' JAN 2543434000000.0 → 2543434000000
1834. CK振出庫：商品名でJAN置換 粕屋CK '〇うなぎ蒲焼にぎり' JAN 2543434000000.0 → 2543434000000
1835. CK振出庫：商品名でJAN置換 粕屋CK '〇うなぎ蒲焼にぎり' JAN 2543434000000.0 → 2543434000000
1836. CK振出庫：商品名でJAN置換 粕屋CK '〇うなぎ蒲焼にぎり' JAN 2543434000000.0 → 2543434000000
1837. CK振出庫：商品名でJAN置換 粕屋CK '〇うなぎ蒲焼にぎり' JAN 2543434000000.0 → 2543434000000
1838. CK振出庫：商品名でJAN置換 粕屋CK '〇うなぎ蒲焼にぎり' JAN 2543434000000.0 → 2543434000000
1839. CK振出庫：商品名でJAN置換 粕屋CK '〇うなぎ蒲焼にぎり' JAN 2543434000000.0 → 2543434000000
1840. CK振出庫：商品名でJAN置換 粕屋CK '〇うなぎ蒲焼にぎり' JAN 2543434000000.0 → 2543434000000
1841. CK振出庫：商品名でJAN置換 粕屋CK '〇うなぎ蒲焼にぎり' JAN 2543434000000.0 → 2543434000000
1842. CK振出庫：商品名でJAN置換 粕屋CK '〇うなぎ蒲焼にぎり' JAN 2543434000000.0 → 2543434000000
1843. CK振出庫：商品名でJAN置換 粕屋CK '〇うなぎ蒲焼にぎり' JAN 2543434000000.0 → 2543434000000
1844. CK振出庫：商品名でJAN置換 粕屋CK '〇うなぎ蒲焼にぎり' JAN 2543434000000.0 → 2543434000000
1845. CK振出庫：商品名でJAN置換 粕屋CK '〇うなぎ蒲焼にぎり' JAN 2543434000000.0 → 2543434000000
1846. CK振出庫：商品名でJAN置換 粕屋CK '〇うなぎ蒲焼にぎり' JAN 2543434000000.0 → 2543434000000
1847. CK振出庫：商品名でJAN置換 粕屋CK '〇うなぎ蒲焼にぎり' JAN 2543434000000.0 → 2543434000000
1848. CK振出庫：商品名でJAN置換 粕屋CK '〇うなぎ蒲焼にぎり' JAN 2543434000000.0 → 2543434000000
1849. CK振出庫：商品名でJAN置換 粕屋CK '〇うなぎ蒲焼にぎり' JAN 2543434000000.0 → 2543434000000
1850. CK振出庫：商品名でJAN置換 粕屋CK '〇うなぎ蒲焼にぎり' JAN 2543434000000.0 → 2543434000000
1851. CK振出庫：商品名でJAN置換 粕屋CK '〇うなぎ蒲焼にぎり' JAN 2543434000000.0 → 2543434000000
1852. CK振出庫：商品名でJAN置換 粕屋CK '〇うなぎ蒲焼にぎり' JAN 2543434000000.0 → 2543434000000
1853. CK振出庫：商品名でJAN置換 粕屋CK '〇うなぎ蒲焼にぎり' JAN 2543434000000.0 → 2543434000000
1854. CK振出庫：商品名でJAN置換 粕屋CK '〇うなぎ蒲焼にぎり' JAN 2543434000000.0 → 2543434000000
1855. CK振出庫：商品名でJAN置換 粕屋CK '〇うなぎ蒲焼にぎり' JAN 2543434000000.0 → 2543434000000
1856. CK振出庫：商品名でJAN置換 粕屋CK '〇うなぎ蒲焼にぎり' JAN 2543434000000.0 → 2543434000000
1857. CK振出庫：商品名でJAN置換 粕屋CK '〇うなぎ蒲焼にぎり' JAN 2543434000000.0 → 2543434000000
1858. CK振出庫：商品名でJAN置換 粕屋CK '〇うなぎ蒲焼にぎり' JAN 2543434000000.0 → 2543434000000
1859. CK振出庫：商品名でJAN置換 粕屋CK '〇うなぎ蒲焼にぎり' JAN 2543434000000.0 → 2543434000000
1860. CK振出庫：商品名でJAN置換 粕屋CK '〇うなぎ蒲焼にぎり' JAN 2543434000000.0 → 2543434000000
1861. CK振出庫：商品名でJAN置換 粕屋CK '〇うなぎ蒲焼にぎり' JAN 2543434000000.0 → 2543434000000
1862. CK振出庫：商品名でJAN置換 粕屋CK '〇うなぎ蒲焼にぎり' JAN 2543434000000.0 → 2543434000000
1863. CK振出庫：商品名でJAN置換 粕屋CK '〇うなぎ蒲焼にぎり' JAN 2543434000000.0 → 2543434000000
1864. CK振出庫：商品名でJAN置換 粕屋CK '〇うなぎ蒲焼にぎり' JAN 2543434000000.0 → 2543434000000
1865. CK振出庫：商品名でJAN置換 粕屋CK '〇うなぎ蒲焼にぎり' JAN 2543434000000.0 → 2543434000000
1866. CK振出庫：商品名でJAN置換 粕屋CK '〇うなぎ蒲焼にぎり' JAN 2543434000000.0 → 2543434000000
1867. CK振出庫：商品名でJAN置換 粕屋CK '〇うなぎ蒲焼にぎり' JAN 2543434000000.0 → 2543434000000
1868. CK振出庫：商品名でJAN置換 粕屋CK '〇うなぎ蒲焼にぎり' JAN 2543434000000.0 → 2543434000000
1869. CK振出庫：商品名でJAN置換 粕屋CK '〇うなぎ蒲焼にぎり' JAN 2543434000000.0 → 2543434000000
1870. CK振出庫：商品名でJAN置換 粕屋CK '〇うなぎ蒲焼にぎり' JAN 2543434000000.0 → 2543434000000
1871. CK振出庫：商品名でJAN置換 粕屋CK '〇うなぎ蒲焼にぎり' JAN 2543434000000.0 → 2543434000000
1872. CK振出庫：商品名でJAN置換 粕屋CK '〇うなぎ蒲焼にぎり' JAN 2543434000000.0 → 2543434000000
1873. CK振出庫：商品名でJAN置換 粕屋CK '〇うなぎ蒲焼にぎり' JAN 2543434000000.0 → 2543434000000
1874. CK振出庫：商品名でJAN置換 粕屋CK '〇うなぎ蒲焼にぎり' JAN 2543434000000.0 → 2543434000000
1875. CK振出庫：商品名でJAN置換 粕屋CK '〇うなぎ蒲焼にぎり' JAN 2543434000000.0 → 2543434000000
1876. CK振出庫：商品名でJAN置換 粕屋CK '〇うなぎ蒲焼にぎり' JAN 2543434000000.0 → 2543434000000
1877. CK振出庫：商品名でJAN置換 粕屋CK '〇うなぎ蒲焼にぎり' JAN 2543434000000.0 → 2543434000000
1878. CK振出庫：商品名でJAN置換 粕屋CK '〇うなぎ蒲焼にぎり' JAN 2543434000000.0 → 2543434000000
1879. CK振出庫：商品名でJAN置換 粕屋CK '〇うなぎ蒲焼にぎり' JAN 2543434000000.0 → 2543434000000
1880. CK振出庫：商品名でJAN置換 粕屋CK '〇うなぎ蒲焼にぎり' JAN 2543434000000.0 → 2543434000000
1881. CK振出庫：商品名でJAN置換 粕屋CK '〇うなぎ蒲焼にぎり' JAN 2543434000000.0 → 2543434000000
1882. CK振出庫：商品名でJAN置換 粕屋CK '〇うなぎ蒲焼にぎり' JAN 2543434000000.0 → 2543434000000
1883. CK振出庫：商品名でJAN置換 粕屋CK '〇うなぎ蒲焼にぎり' JAN 2543434000000.0 → 2543434000000
1884. CK振出庫：商品名でJAN置換 粕屋CK '〇うなぎ蒲焼にぎり' JAN 2543434000000.0 → 2543434000000
1885. CK振出庫：商品名でJAN置換 粕屋CK '〇うなぎ蒲焼にぎり' JAN 2543434000000.0 → 2543434000000
1886. CK振出庫：商品名でJAN置換 粕屋CK '〇うなぎ蒲焼にぎり' JAN 2543434000000.0 → 2543434000000
1887. CK振出庫：商品名でJAN置換 粕屋CK '〇うなぎ蒲焼にぎり' JAN 2543434000000.0 → 2543434000000
1888. CK振出庫：商品名でJAN置換 粕屋CK '〇うなぎ蒲焼にぎり' JAN 2543434000000.0 → 2543434000000
1889. CK振出庫：商品名でJAN置換 粕屋CK '〇うなぎ蒲焼にぎり' JAN 2543434000000.0 → 2543434000000
1890. CK振出庫：商品名でJAN置換 粕屋CK '〇うなぎ蒲焼にぎり' JAN 2543434000000.0 → 2543434000000
1891. CK振出庫：商品名でJAN置換 粕屋CK '〇うなぎ蒲焼にぎり' JAN 2543434000000.0 → 2543434000000
1892. CK振出庫：商品名でJAN置換 粕屋CK '〇うなぎ蒲焼にぎり' JAN 2543434000000.0 → 2543434000000
1893. CK振出庫：商品名でJAN置換 粕屋CK '〇うなぎ蒲焼にぎり' JAN 2543434000000.0 → 2543434000000
1894. CK振出庫：商品名でJAN置換 粕屋CK '〇うなぎ蒲焼にぎり' JAN 2543434000000.0 → 2543434000000
1895. CK振出庫：商品名でJAN置換 粕屋CK '〇うなぎ蒲焼にぎり' JAN 2543434000000.0 → 2543434000000
1896. CK振出庫：商品名でJAN置換 粕屋CK '〇うなぎ蒲焼にぎり' JAN 2543434000000.0 → 2543434000000
1897. CK振出庫：商品名でJAN置換 粕屋CK '〇うなぎ蒲焼にぎり' JAN 2543434000000.0 → 2543434000000
1898. CK振出庫：商品名でJAN置換 粕屋CK '〇うなぎ蒲焼にぎり' JAN 2543434000000.0 → 2543434000000
1899. CK振出庫：商品名でJAN置換 粕屋CK '〇うなぎ蒲焼にぎり' JAN 2543434000000.0 → 2543434000000
1900. CK振出庫：商品名でJAN置換 粕屋CK '〇うなぎ蒲焼にぎり' JAN 2543434000000.0 → 2543434000000
1901. CK振出庫：商品名でJAN置換 粕屋CK '〇うなぎ蒲焼にぎり' JAN 2543434000000.0 → 2543434000000
1902. CK振出庫：商品名でJAN置換 粕屋CK '〇うなぎ蒲焼にぎり' JAN 2543434000000.0 → 2543434000000
1903. CK振出庫：商品名でJAN置換 粕屋CK '〇うなぎ蒲焼にぎり' JAN 2543434000000.0 → 2543434000000
1904. CK振出庫：商品名でJAN置換 粕屋CK '〇うなぎ蒲焼にぎり' JAN 2543434000000.0 → 2543434000000
1905. CK振出庫：商品名でJAN置換 粕屋CK '〇うなぎ蒲焼にぎり' JAN 2543434000000.0 → 2543434000000
1906. CK振出庫：商品名でJAN置換 粕屋CK '〇うなぎ蒲焼にぎり' JAN 2543434000000.0 → 2543434000000
1907. CK振出庫：商品名でJAN置換 粕屋CK '〇うなぎ蒲焼にぎり' JAN 2543434000000.0 → 2543434000000
1908. CK振出庫：商品名でJAN置換 粕屋CK '〇うなぎ蒲焼にぎり' JAN 2543434000000.0 → 2543434000000
1909. CK振出庫：商品名でJAN置換 粕屋CK '〇うなぎ蒲焼にぎり' JAN 2543434000000.0 → 2543434000000
1910. CK振出庫：商品名でJAN置換 粕屋CK '〇うなぎ蒲焼にぎり' JAN 2543434000000.0 → 2543434000000
1911. CK振出庫：商品名でJAN置換 粕屋CK '〇うなぎ蒲焼にぎり' JAN 2543434000000.0 → 2543434000000
1912. CK振出庫：商品名でJAN置換 粕屋CK '〇うなぎ蒲焼にぎり' JAN 2543434000000.0 → 2543434000000
1913. CK振出庫：商品名でJAN置換 粕屋CK '〇うなぎ蒲焼にぎり' JAN 2543434000000.0 → 2543434000000
1914. CK振出庫：商品名でJAN置換 粕屋CK '〇うなぎ蒲焼にぎり' JAN 2543434000000.0 → 2543434000000
1915. CK振出庫：商品名でJAN置換 粕屋CK '〇うなぎ蒲焼にぎり' JAN 2543434000000.0 → 2543434000000
1916. CK振出庫：商品名でJAN置換 粕屋CK '〇うなぎ蒲焼にぎり' JAN 2543434000000.0 → 2543434000000
1917. CK振出庫：商品名でJAN置換 粕屋CK '〇うなぎ蒲焼にぎり' JAN 2543434000000.0 → 2543434000000
1918. CK振出庫：商品名でJAN置換 粕屋CK '〇うなぎ蒲焼にぎり' JAN 2543434000000.0 → 2543434000000
1919. CK振出庫：商品名でJAN置換 粕屋CK '〇うなぎ蒲焼にぎり' JAN 2543434000000.0 → 2543434000000
1920. CK振出庫：商品名でJAN置換 粕屋CK '〇うなぎ蒲焼にぎり' JAN 2543434000000.0 → 2543434000000
1921. CK振出庫：レシピに該当なし、仮JAN付与 粕屋CK '〇ねぎとろ細巻（１本）' JAN 2545149000000.0 → 9992000000001
1922. CK振出庫：レシピに該当なし、仮JAN付与 粕屋CK '〇ねぎとろ細巻（１本）' JAN 2545149000000.0 → 9992000000001
1923. CK振出庫：レシピに該当なし、仮JAN付与 粕屋CK '〇ねぎとろ細巻（１本）' JAN 2545149000000.0 → 9992000000001
1924. CK振出庫：レシピに該当なし、仮JAN付与 粕屋CK '〇ねぎとろ細巻（１本）' JAN 2545149000000.0 → 9992000000001
1925. CK振出庫：レシピに該当なし、仮JAN付与 粕屋CK '〇ねぎとろ細巻（１本）' JAN 2545149000000.0 → 9992000000001
1926. CK振出庫：レシピに該当なし、仮JAN付与 粕屋CK '〇ねぎとろ細巻（１本）' JAN 2545149000000.0 → 9992000000001
1927. CK振出庫：レシピに該当なし、仮JAN付与 粕屋CK '〇ねぎとろ細巻（１本）' JAN 2545149000000.0 → 9992000000001
1928. CK振出庫：レシピに該当なし、仮JAN付与 粕屋CK '〇ねぎとろ細巻（１本）' JAN 2545149000000.0 → 9992000000001
1929. CK振出庫：レシピに該当なし、仮JAN付与 粕屋CK '〇ねぎとろ細巻（１本）' JAN 2545149000000.0 → 9992000000001
1930. CK振出庫：レシピに該当なし、仮JAN付与 粕屋CK '〇ねぎとろ細巻（１本）' JAN 2545149000000.0 → 9992000000001
1931. CK振出庫：レシピに該当なし、仮JAN付与 粕屋CK '〇ねぎとろ細巻（１本）' JAN 2545149000000.0 → 9992000000001
1932. CK振出庫：レシピに該当なし、仮JAN付与 粕屋CK '〇ねぎとろ細巻（１本）' JAN 2545149000000.0 → 9992000000001
1933. CK振出庫：レシピに該当なし、仮JAN付与 粕屋CK '〇ねぎとろ細巻（１本）' JAN 2545149000000.0 → 9992000000001
1934. CK振出庫：レシピに該当なし、仮JAN付与 粕屋CK '〇ねぎとろ細巻（１本）' JAN 2545149000000.0 → 9992000000001
1935. CK振出庫：レシピに該当なし、仮JAN付与 粕屋CK '〇ねぎとろ細巻（１本）' JAN 2545149000000.0 → 9992000000001
1936. CK振出庫：レシピに該当なし、仮JAN付与 粕屋CK '〇ねぎとろ細巻（１本）' JAN 2545149000000.0 → 9992000000001
1937. CK振出庫：レシピに該当なし、仮JAN付与 粕屋CK '〇ねぎとろ細巻（１本）' JAN 2545149000000.0 → 9992000000001
1938. CK振出庫：レシピに該当なし、仮JAN付与 粕屋CK '〇ねぎとろ細巻（１本）' JAN 2545149000000.0 → 9992000000001
1939. CK振出庫：レシピに該当なし、仮JAN付与 粕屋CK '〇ねぎとろ細巻（１本）' JAN 2545149000000.0 → 9992000000001
1940. CK振出庫：レシピに該当なし、仮JAN付与 粕屋CK '〇ねぎとろ細巻（１本）' JAN 2545149000000.0 → 9992000000001
1941. CK振出庫：レシピに該当なし、仮JAN付与 粕屋CK '〇ねぎとろ細巻（１本）' JAN 2545149000000.0 → 9992000000001
1942. CK振出庫：レシピに該当なし、仮JAN付与 粕屋CK '〇ねぎとろ細巻（１本）' JAN 2545149000000.0 → 9992000000001
1943. CK振出庫：レシピに該当なし、仮JAN付与 粕屋CK '〇ねぎとろ細巻（１本）' JAN 2545149000000.0 → 9992000000001
1944. CK振出庫：レシピに該当なし、仮JAN付与 粕屋CK '〇ねぎとろ細巻（１本）' JAN 2545149000000.0 → 9992000000001
1945. CK振出庫：レシピに該当なし、仮JAN付与 粕屋CK '〇ねぎとろ細巻（１本）' JAN 2545149000000.0 → 9992000000001
1946. CK振出庫：レシピに該当なし、仮JAN付与 粕屋CK '〇ねぎとろ細巻（１本）' JAN 2545149000000.0 → 9992000000001
1947. CK振出庫：レシピに該当なし、仮JAN付与 粕屋CK '〇ねぎとろ細巻（１本）' JAN 2545149000000.0 → 9992000000001
1948. CK振出庫：レシピに該当なし、仮JAN付与 粕屋CK '〇ねぎとろ細巻（１本）' JAN 2545149000000.0 → 9992000000001
1949. CK振出庫：レシピに該当なし、仮JAN付与 粕屋CK '〇ねぎとろ細巻（１本）' JAN 2545149000000.0 → 9992000000001
1950. CK振出庫：レシピに該当なし、仮JAN付与 粕屋CK '〇ねぎとろ細巻（１本）' JAN 2545149000000.0 → 9992000000001
1951. CK振出庫：レシピに該当なし、仮JAN付与 粕屋CK '〇ねぎとろ細巻（１本）' JAN 2545149000000.0 → 9992000000001
1952. CK振出庫：レシピに該当なし、仮JAN付与 粕屋CK '〇ねぎとろ細巻（１本）' JAN 2545149000000.0 → 9992000000001
1953. CK振出庫：レシピに該当なし、仮JAN付与 粕屋CK '〇ねぎとろ細巻（１本）' JAN 2545149000000.0 → 9992000000001
1954. CK振出庫：レシピに該当なし、仮JAN付与 粕屋CK '〇ねぎとろ細巻（１本）' JAN 2545149000000.0 → 9992000000001
1955. CK振出庫：レシピに該当なし、仮JAN付与 粕屋CK '〇ねぎとろ細巻（１本）' JAN 2545149000000.0 → 9992000000001
1956. CK振出庫：レシピに該当なし、仮JAN付与 粕屋CK '〇ねぎとろ細巻（１本）' JAN 2545149000000.0 → 9992000000001
1957. CK振出庫：レシピに該当なし、仮JAN付与 粕屋CK '〇ねぎとろ細巻（１本）' JAN 2545149000000.0 → 9992000000001
1958. CK振出庫：レシピに該当なし、仮JAN付与 粕屋CK '〇ねぎとろ細巻（１本）' JAN 2545149000000.0 → 9992000000001
1959. CK振出庫：レシピに該当なし、仮JAN付与 粕屋CK '〇ねぎとろ細巻（１本）' JAN 2545149000000.0 → 9992000000001
1960. CK振出庫：レシピに該当なし、仮JAN付与 粕屋CK '〇ねぎとろ細巻（１本）' JAN 2545149000000.0 → 9992000000001
1961. CK振出庫：レシピに該当なし、仮JAN付与 粕屋CK '〇ねぎとろ細巻（１本）' JAN 2545149000000.0 → 9992000000001
1962. CK振出庫：レシピに該当なし、仮JAN付与 粕屋CK '〇ねぎとろ細巻（１本）' JAN 2545149000000.0 → 9992000000001
1963. CK振出庫：レシピに該当なし、仮JAN付与 粕屋CK '〇ねぎとろ細巻（１本）' JAN 2545149000000.0 → 9992000000001
1964. CK振出庫：レシピに該当なし、仮JAN付与 粕屋CK '〇ねぎとろ細巻（１本）' JAN 2545149000000.0 → 9992000000001
1965. CK振出庫：レシピに該当なし、仮JAN付与 粕屋CK '〇ねぎとろ細巻（１本）' JAN 2545149000000.0 → 9992000000001
1966. CK振出庫：レシピに該当なし、仮JAN付与 粕屋CK '〇ねぎとろ細巻（１本）' JAN 2545149000000.0 → 9992000000001
1967. CK振出庫：レシピに該当なし、仮JAN付与 粕屋CK '〇ねぎとろ細巻（１本）' JAN 2545149000000.0 → 9992000000001
1968. CK振出庫：レシピに該当なし、仮JAN付与 粕屋CK '〇ねぎとろ細巻（１本）' JAN 2545149000000.0 → 9992000000001
1969. CK振出庫：レシピに該当なし、仮JAN付与 粕屋CK '〇ねぎとろ細巻（１本）' JAN 2545149000000.0 → 9992000000001
1970. CK振出庫：レシピに該当なし、仮JAN付与 粕屋CK '〇ねぎとろ細巻（１本）' JAN 2545149000000.0 → 9992000000001
1971. CK振出庫：レシピに該当なし、仮JAN付与 粕屋CK '〇ねぎとろ細巻（１本）' JAN 2545149000000.0 → 9992000000001
1972. CK振出庫：レシピに該当なし、仮JAN付与 粕屋CK '〇ねぎとろ細巻（１本）' JAN 2545149000000.0 → 9992000000001
1973. CK振出庫：レシピに該当なし、仮JAN付与 粕屋CK '〇ねぎとろ細巻（１本）' JAN 2545149000000.0 → 9992000000001
1974. CK振出庫：レシピに該当なし、仮JAN付与 粕屋CK '〇ねぎとろ細巻（１本）' JAN 2545149000000.0 → 9992000000001
1975. CK振出庫：レシピに該当なし、仮JAN付与 粕屋CK '〇ねぎとろ細巻（１本）' JAN 2545149000000.0 → 9992000000001
1976. CK振出庫：レシピに該当なし、仮JAN付与 粕屋CK '〇ねぎとろ細巻（１本）' JAN 2545149000000.0 → 9992000000001
1977. CK振出庫：レシピに該当なし、仮JAN付与 粕屋CK '〇ねぎとろ細巻（１本）' JAN 2545149000000.0 → 9992000000001
1978. CK振出庫：レシピに該当なし、仮JAN付与 粕屋CK '〇ねぎとろ細巻（１本）' JAN 2545149000000.0 → 9992000000001
1979. CK振出庫：レシピに該当なし、仮JAN付与 粕屋CK '〇ねぎとろ細巻（１本）' JAN 2545149000000.0 → 9992000000001
1980. CK振出庫：レシピに該当なし、仮JAN付与 粕屋CK '〇ねぎとろ細巻（１本）' JAN 2545149000000.0 → 9992000000001
1981. CK振出庫：レシピに該当なし、仮JAN付与 粕屋CK '〇ねぎとろ細巻（１本）' JAN 2545149000000.0 → 9992000000001
1982. CK振出庫：レシピに該当なし、仮JAN付与 粕屋CK '〇ねぎとろ細巻（１本）' JAN 2545149000000.0 → 9992000000001
1983. CK振出庫：レシピに該当なし、仮JAN付与 粕屋CK '〇ねぎとろ細巻（１本）' JAN 2545149000000.0 → 9992000000001
1984. CK振出庫：レシピに該当なし、仮JAN付与 粕屋CK '〇ねぎとろ細巻（１本）' JAN 2545149000000.0 → 9992000000001
1985. CK振出庫：レシピに該当なし、仮JAN付与 粕屋CK '〇ねぎとろ細巻（１本）' JAN 2545149000000.0 → 9992000000001
1986. CK振出庫：レシピに該当なし、仮JAN付与 粕屋CK '〇ねぎとろ細巻（１本）' JAN 2545149000000.0 → 9992000000001
1987. CK振出庫：レシピに該当なし、仮JAN付与 粕屋CK '〇ねぎとろ細巻（１本）' JAN 2545149000000.0 → 9992000000001
1988. CK振出庫：レシピに該当なし、仮JAN付与 粕屋CK '〇ねぎとろ細巻（１本）' JAN 2545149000000.0 → 9992000000001
1989. CK振出庫：レシピに該当なし、仮JAN付与 粕屋CK '〇ねぎとろ細巻（１本）' JAN 2545149000000.0 → 9992000000001
1990. CK振出庫：レシピに該当なし、仮JAN付与 粕屋CK '〇ねぎとろ細巻（１本）' JAN 2545149000000.0 → 9992000000001
1991. CK振出庫：レシピに該当なし、仮JAN付与 粕屋CK '〇ねぎとろ細巻（１本）' JAN 2545149000000.0 → 9992000000001
1992. CK振出庫：レシピに該当なし、仮JAN付与 粕屋CK '〇ねぎとろ細巻（１本）' JAN 2545149000000.0 → 9992000000001
1993. CK振出庫：レシピに該当なし、仮JAN付与 粕屋CK '〇ねぎとろ細巻（１本）' JAN 2545149000000.0 → 9992000000001
1994. CK振出庫：レシピに該当なし、仮JAN付与 粕屋CK '〇ねぎとろ細巻（１本）' JAN 2545149000000.0 → 9992000000001
1995. CK振出庫：レシピに該当なし、仮JAN付与 粕屋CK '〇ねぎとろ細巻（１本）' JAN 2545149000000.0 → 9992000000001
1996. CK振出庫：レシピに該当なし、仮JAN付与 粕屋CK '〇ねぎとろ細巻（１本）' JAN 2545149000000.0 → 9992000000001
1997. CK振出庫：レシピに該当なし、仮JAN付与 粕屋CK '〇ねぎとろ細巻（１本）' JAN 2545149000000.0 → 9992000000001
1998. CK振出庫：レシピに該当なし、仮JAN付与 粕屋CK '〇ねぎとろ細巻（１本）' JAN 2545149000000.0 → 9992000000001
1999. CK振出庫：レシピに該当なし、仮JAN付与 粕屋CK '〇ねぎとろ細巻（１本）' JAN 2545149000000.0 → 9992000000001
2000. CK振出庫：レシピに該当なし、仮JAN付与 粕屋CK '〇ねぎとろ細巻（１本）' JAN 2545149000000.0 → 9992000000001
2001. CK振出庫：レシピに該当なし、仮JAN付与 粕屋CK '〇ねぎとろ細巻（１本）' JAN 2545149000000.0 → 9992000000001
2002. CK振出庫：レシピに該当なし、仮JAN付与 粕屋CK '〇ねぎとろ細巻（１本）' JAN 2545149000000.0 → 9992000000001
2003. CK振出庫：レシピに該当なし、仮JAN付与 粕屋CK '〇ねぎとろ細巻（１本）' JAN 2545149000000.0 → 9992000000001
2004. CK振出庫：レシピに該当なし、仮JAN付与 粕屋CK '〇ねぎとろ細巻（１本）' JAN 2545149000000.0 → 9992000000001
2005. CK振出庫：レシピに該当なし、仮JAN付与 粕屋CK '〇ねぎとろ細巻（１本）' JAN 2545149000000.0 → 9992000000001
2006. CK振出庫：レシピに該当なし、仮JAN付与 粕屋CK '〇ねぎとろ細巻（１本）' JAN 2545149000000.0 → 9992000000001
2007. CK振出庫：レシピに該当なし、仮JAN付与 粕屋CK '〇ねぎとろ細巻（１本）' JAN 2545149000000.0 → 9992000000001
2008. CK振出庫：レシピに該当なし、仮JAN付与 粕屋CK '〇ねぎとろ細巻（１本）' JAN 2545149000000.0 → 9992000000001
2009. CK振出庫：レシピに該当なし、仮JAN付与 粕屋CK '〇ねぎとろ細巻（１本）' JAN 2545149000000.0 → 9992000000001
2010. CK振出庫：レシピに該当なし、仮JAN付与 粕屋CK '〇ねぎとろ細巻（１本）' JAN 2545149000000.0 → 9992000000001
2011. CK振出庫：レシピに該当なし、仮JAN付与 粕屋CK '〇ねぎとろ細巻（１本）' JAN 2545149000000.0 → 9992000000001
2012. CK振出庫：レシピに該当なし、仮JAN付与 粕屋CK '〇ねぎとろ細巻（１本）' JAN 2545149000000.0 → 9992000000001
2013. CK振出庫：レシピに該当なし、仮JAN付与 粕屋CK '〇ねぎとろ細巻（１本）' JAN 2545149000000.0 → 9992000000001
2014. CK振出庫：レシピに該当なし、仮JAN付与 粕屋CK '〇ねぎとろ細巻（１本）' JAN 2545149000000.0 → 9992000000001
2015. CK振出庫：レシピに該当なし、仮JAN付与 粕屋CK '〇ねぎとろ細巻（１本）' JAN 2545149000000.0 → 9992000000001
2016. CK振出庫：レシピに該当なし、仮JAN付与 粕屋CK '〇ねぎとろ細巻（１本）' JAN 2545149000000.0 → 9992000000001
2017. CK振出庫：レシピに該当なし、仮JAN付与 粕屋CK '〇ねぎとろ細巻（１本）' JAN 2545149000000.0 → 9992000000001
2018. CK振出庫：レシピに該当なし、仮JAN付与 粕屋CK '〇ねぎとろ細巻（１本）' JAN 2545149000000.0 → 9992000000001
2019. CK振出庫：レシピに該当なし、仮JAN付与 粕屋CK '〇ねぎとろ細巻（１本）' JAN 2545149000000.0 → 9992000000001
2020. CK振出庫：レシピに該当なし、仮JAN付与 粕屋CK '〇ねぎとろ細巻（１本）' JAN 2545149000000.0 → 9992000000001
2021. CK振出庫：レシピに該当なし、仮JAN付与 粕屋CK '〇ねぎとろ細巻（１本）' JAN 2545149000000.0 → 9992000000001
2022. CK振出庫：レシピに該当なし、仮JAN付与 粕屋CK '〇ねぎとろ細巻（１本）' JAN 2545149000000.0 → 9992000000001
2023. CK振出庫：レシピに該当なし、仮JAN付与 粕屋CK '〇ねぎとろ細巻（１本）' JAN 2545149000000.0 → 9992000000001
2024. CK振出庫：レシピに該当なし、仮JAN付与 粕屋CK '〇ねぎとろ細巻（１本）' JAN 2545149000000.0 → 9992000000001
2025. CK振出庫：レシピに該当なし、仮JAN付与 粕屋CK '〇ねぎとろ細巻（１本）' JAN 2545149000000.0 → 9992000000001
2026. CK振出庫：レシピに該当なし、仮JAN付与 粕屋CK '〇ねぎとろ細巻（１本）' JAN 2545149000000.0 → 9992000000001
2027. CK振出庫：レシピに該当なし、仮JAN付与 粕屋CK '〇ねぎとろ細巻（１本）' JAN 2545149000000.0 → 9992000000001
2028. CK振出庫：レシピに該当なし、仮JAN付与 粕屋CK '〇ねぎとろ細巻（１本）' JAN 2545149000000.0 → 9992000000001
2029. CK振出庫：レシピに該当なし、仮JAN付与 粕屋CK '〇ねぎとろ細巻（１本）' JAN 2545149000000.0 → 9992000000001
2030. CK振出庫：レシピに該当なし、仮JAN付与 粕屋CK '〇ねぎとろ細巻（１本）' JAN 2545149000000.0 → 9992000000001
2031. CK振出庫：レシピに該当なし、仮JAN付与 粕屋CK '〇ねぎとろ細巻（１本）' JAN 2545149000000.0 → 9992000000001
2032. CK振出庫：レシピに該当なし、仮JAN付与 粕屋CK '〇ねぎとろ細巻（１本）' JAN 2545149000000.0 → 9992000000001
2033. CK振出庫：レシピに該当なし、仮JAN付与 粕屋CK '〇ねぎとろ細巻（１本）' JAN 2545149000000.0 → 9992000000001
2034. CK振出庫：レシピに該当なし、仮JAN付与 粕屋CK '〇ねぎとろ細巻（１本）' JAN 2545149000000.0 → 9992000000001
2035. CK振出庫：レシピに該当なし、仮JAN付与 粕屋CK '〇ねぎとろ細巻（１本）' JAN 2545149000000.0 → 9992000000001
2036. CK振出庫：レシピに該当なし、仮JAN付与 粕屋CK '〇ねぎとろ細巻（１本）' JAN 2545149000000.0 → 9992000000001
2037. CK振出庫：レシピに該当なし、仮JAN付与 粕屋CK '〇ねぎとろ細巻（１本）' JAN 2545149000000.0 → 9992000000001
2038. CK振出庫：レシピに該当なし、仮JAN付与 粕屋CK '〇ねぎとろ細巻（１本）' JAN 2545149000000.0 → 9992000000001
2039. CK振出庫：レシピに該当なし、仮JAN付与 粕屋CK '〇ねぎとろ細巻（１本）' JAN 2545149000000.0 → 9992000000001
2040. CK振出庫：レシピに該当なし、仮JAN付与 粕屋CK '〇ねぎとろ細巻（１本）' JAN 2545149000000.0 → 9992000000001
2041. CK振出庫：レシピに該当なし、仮JAN付与 粕屋CK '〇ねぎとろ細巻（１本）' JAN 2545149000000.0 → 9992000000001
2042. CK振出庫：レシピに該当なし、仮JAN付与 粕屋CK '〇ねぎとろ細巻（１本）' JAN 2545149000000.0 → 9992000000001
2043. CK振出庫：レシピに該当なし、仮JAN付与 粕屋CK '〇ねぎとろ細巻（１本）' JAN 2545149000000.0 → 9992000000001
2044. CK振出庫：レシピに該当なし、仮JAN付与 粕屋CK '〇ねぎとろ細巻（１本）' JAN 2545149000000.0 → 9992000000001
2045. CK振出庫：レシピに該当なし、仮JAN付与 粕屋CK '〇ねぎとろ細巻（１本）' JAN 2545149000000.0 → 9992000000001
2046. CK振出庫：レシピに該当なし、仮JAN付与 粕屋CK '〇ねぎとろ細巻（１本）' JAN 2545149000000.0 → 9992000000001
2047. CK振出庫：レシピに該当なし、仮JAN付与 粕屋CK '〇ねぎとろ細巻（１本）' JAN 2545149000000.0 → 9992000000001
2048. CK振出庫：レシピに該当なし、仮JAN付与 粕屋CK '〇ねぎとろ細巻（１本）' JAN 2545149000000.0 → 9992000000001
2049. CK振出庫：レシピに該当なし、仮JAN付与 粕屋CK '〇ねぎとろ細巻（１本）' JAN 2545149000000.0 → 9992000000001
2050. CK振出庫：レシピに該当なし、仮JAN付与 粕屋CK '〇ねぎとろ細巻（１本）' JAN 2545149000000.0 → 9992000000001
2051. CK振出庫：レシピに該当なし、仮JAN付与 粕屋CK '〇ねぎとろ細巻（１本）' JAN 2545149000000.0 → 9992000000001
2052. CK振出庫：レシピに該当なし、仮JAN付与 粕屋CK '〇ねぎとろ細巻（１本）' JAN 2545149000000.0 → 9992000000001
2053. CK振出庫：レシピに該当なし、仮JAN付与 粕屋CK '〇ねぎとろ細巻（１本）' JAN 2545149000000.0 → 9992000000001
2054. CK振出庫：レシピに該当なし、仮JAN付与 粕屋CK '〇ねぎとろ細巻（１本）' JAN 2545149000000.0 → 9992000000001
2055. CK振出庫：レシピに該当なし、仮JAN付与 粕屋CK '〇ねぎとろ細巻（１本）' JAN 2545149000000.0 → 9992000000001
2056. CK振出庫：レシピに該当なし、仮JAN付与 粕屋CK '〇ねぎとろ細巻（１本）' JAN 2545149000000.0 → 9992000000001
2057. CK振出庫：レシピに該当なし、仮JAN付与 粕屋CK '〇ねぎとろ細巻（１本）' JAN 2545149000000.0 → 9992000000001
2058. CK振出庫：レシピに該当なし、仮JAN付与 粕屋CK '〇ねぎとろ細巻（１本）' JAN 2545149000000.0 → 9992000000001
2059. CK振出庫：レシピに該当なし、仮JAN付与 粕屋CK '〇ねぎとろ細巻（１本）' JAN 2545149000000.0 → 9992000000001
2060. CK振出庫：レシピに該当なし、仮JAN付与 粕屋CK '〇ねぎとろ細巻（１本）' JAN 2545149000000.0 → 9992000000001
2061. CK振出庫：レシピに該当なし、仮JAN付与 粕屋CK '〇ねぎとろ細巻（１本）' JAN 2545149000000.0 → 9992000000001
2062. CK振出庫：レシピに該当なし、仮JAN付与 粕屋CK '〇ねぎとろ細巻（１本）' JAN 2545149000000.0 → 9992000000001
2063. CK振出庫：レシピに該当なし、仮JAN付与 粕屋CK '〇ねぎとろ細巻（１本）' JAN 2545149000000.0 → 9992000000001
2064. CK振出庫：レシピに該当なし、仮JAN付与 粕屋CK '〇ねぎとろ細巻（１本）' JAN 2545149000000.0 → 9992000000001
2065. CK振出庫：レシピに該当なし、仮JAN付与 粕屋CK '〇ねぎとろ細巻（１本）' JAN 2545149000000.0 → 9992000000001
2066. CK振出庫：レシピに該当なし、仮JAN付与 粕屋CK '〇ねぎとろ細巻（１本）' JAN 2545149000000.0 → 9992000000001
2067. CK振出庫：レシピに該当なし、仮JAN付与 粕屋CK '〇ねぎとろ細巻（１本）' JAN 2545149000000.0 → 9992000000001
2068. CK振出庫：レシピに該当なし、仮JAN付与 粕屋CK '〇ねぎとろ細巻（１本）' JAN 2545149000000.0 → 9992000000001
2069. CK振出庫：レシピに該当なし、仮JAN付与 粕屋CK '〇ねぎとろ細巻（１本）' JAN 2545149000000.0 → 9992000000001
2070. CK振出庫：レシピに該当なし、仮JAN付与 粕屋CK '〇ねぎとろ細巻（１本）' JAN 2545149000000.0 → 9992000000001
2071. CK振出庫：レシピに該当なし、仮JAN付与 粕屋CK '〇ねぎとろ細巻（１本）' JAN 2545149000000.0 → 9992000000001
2072. CK振出庫：レシピに該当なし、仮JAN付与 粕屋CK '〇ねぎとろ細巻（１本）' JAN 2545149000000.0 → 9992000000001
2073. CK振出庫：レシピに該当なし、仮JAN付与 粕屋CK '〇ねぎとろ細巻（１本）' JAN 2545149000000.0 → 9992000000001
2074. CK振出庫：レシピに該当なし、仮JAN付与 粕屋CK '〇ねぎとろ細巻（１本）' JAN 2545149000000.0 → 9992000000001
2075. CK振出庫：レシピに該当なし、仮JAN付与 粕屋CK '〇ねぎとろ細巻（１本）' JAN 2545149000000.0 → 9992000000001
2076. CK振出庫：レシピに該当なし、仮JAN付与 粕屋CK '〇ねぎとろ細巻（１本）' JAN 2545149000000.0 → 9992000000001
2077. CK振出庫：レシピに該当なし、仮JAN付与 粕屋CK '〇ねぎとろ細巻（１本）' JAN 2545149000000.0 → 9992000000001
2078. CK振出庫：レシピに該当なし、仮JAN付与 粕屋CK '〇ねぎとろ細巻（１本）' JAN 2545149000000.0 → 9992000000001
2079. CK振出庫：レシピに該当なし、仮JAN付与 粕屋CK '〇ねぎとろ細巻（１本）' JAN 2545149000000.0 → 9992000000001
2080. CK振出庫：レシピに該当なし、仮JAN付与 粕屋CK '〇ねぎとろ細巻（１本）' JAN 2545149000000.0 → 9992000000001
2081. CK振出庫：レシピに該当なし、仮JAN付与 粕屋CK '〇ねぎとろ細巻（１本）' JAN 2545149000000.0 → 9992000000001
2082. CK振出庫：レシピに該当なし、仮JAN付与 粕屋CK '〇ねぎとろ細巻（１本）' JAN 2545149000000.0 → 9992000000001
2083. CK振出庫：レシピに該当なし、仮JAN付与 粕屋CK '〇ねぎとろ細巻（１本）' JAN 2545149000000.0 → 9992000000001
2084. CK振出庫：レシピに該当なし、仮JAN付与 粕屋CK '〇ねぎとろ細巻（１本）' JAN 2545149000000.0 → 9992000000001
2085. CK振出庫：レシピに該当なし、仮JAN付与 粕屋CK '〇ねぎとろ細巻（１本）' JAN 2545149000000.0 → 9992000000001
2086. CK振出庫：レシピに該当なし、仮JAN付与 粕屋CK '〇ねぎとろ細巻（１本）' JAN 2545149000000.0 → 9992000000001
2087. CK振出庫：レシピに該当なし、仮JAN付与 粕屋CK '〇ねぎとろ細巻（１本）' JAN 2545149000000.0 → 9992000000001
2088. CK振出庫：レシピに該当なし、仮JAN付与 粕屋CK '〇ねぎとろ細巻（１本）' JAN 2545149000000.0 → 9992000000001
2089. CK振出庫：レシピに該当なし、仮JAN付与 粕屋CK '〇ねぎとろ細巻（１本）' JAN 2545149000000.0 → 9992000000001
2090. CK振出庫：レシピに該当なし、仮JAN付与 粕屋CK '〇ねぎとろ細巻（１本）' JAN 2545149000000.0 → 9992000000001
2091. CK振出庫：レシピに該当なし、仮JAN付与 粕屋CK '〇ねぎとろ細巻（１本）' JAN 2545149000000.0 → 9992000000001
2092. CK振出庫：レシピに該当なし、仮JAN付与 粕屋CK '〇ねぎとろ細巻（１本）' JAN 2545149000000.0 → 9992000000001
2093. CK振出庫：レシピに該当なし、仮JAN付与 粕屋CK '〇ねぎとろ細巻（１本）' JAN 2545149000000.0 → 9992000000001
2094. CK振出庫：レシピに該当なし、仮JAN付与 粕屋CK '〇ねぎとろ細巻（１本）' JAN 2545149000000.0 → 9992000000001
2095. CK振出庫：レシピに該当なし、仮JAN付与 粕屋CK '〇ねぎとろ細巻（１本）' JAN 2545149000000.0 → 9992000000001
2096. CK振出庫：レシピに該当なし、仮JAN付与 粕屋CK '〇ねぎとろ細巻（１本）' JAN 2545149000000.0 → 9992000000001
2097. CK振出庫：レシピに該当なし、仮JAN付与 粕屋CK '〇ねぎとろ細巻（１本）' JAN 2545149000000.0 → 9992000000001
2098. CK振出庫：レシピに該当なし、仮JAN付与 粕屋CK '〇ねぎとろ細巻（１本）' JAN 2545149000000.0 → 9992000000001
2099. CK振出庫：レシピに該当なし、仮JAN付与 粕屋CK '〇ねぎとろ細巻（１本）' JAN 2545149000000.0 → 9992000000001
2100. CK振出庫：レシピに該当なし、仮JAN付与 粕屋CK '〇ねぎとろ細巻（１本）' JAN 2545149000000.0 → 9992000000001
2101. CK振出庫：レシピに該当なし、仮JAN付与 粕屋CK '〇ねぎとろ細巻（１本）' JAN 2545149000000.0 → 9992000000001
2102. CK振出庫：レシピに該当なし、仮JAN付与 粕屋CK '〇ねぎとろ細巻（１本）' JAN 2545149000000.0 → 9992000000001
2103. CK振出庫：レシピに該当なし、仮JAN付与 粕屋CK '〇ねぎとろ細巻（１本）' JAN 2545149000000.0 → 9992000000001
2104. CK振出庫：レシピに該当なし、仮JAN付与 粕屋CK '〇ねぎとろ細巻（１本）' JAN 2545149000000.0 → 9992000000001
2105. CK振出庫：複数レシピにマッチ、取込スキップ 粕屋CK '〇海鮮４色丼' JAN 2552363000000.0
2106. CK振出庫：複数レシピにマッチ、取込スキップ 粕屋CK '〇海鮮４色丼' JAN 2552363000000.0
2107. CK振出庫：複数レシピにマッチ、取込スキップ 粕屋CK '〇海鮮４色丼' JAN 2552363000000.0
2108. CK振出庫：複数レシピにマッチ、取込スキップ 粕屋CK '〇海鮮４色丼' JAN 2552363000000.0
2109. CK振出庫：複数レシピにマッチ、取込スキップ 粕屋CK '〇海鮮４色丼' JAN 2552363000000.0
2110. CK振出庫：複数レシピにマッチ、取込スキップ 粕屋CK '〇海鮮４色丼' JAN 2552363000000.0
2111. CK振出庫：複数レシピにマッチ、取込スキップ 粕屋CK '〇海鮮４色丼' JAN 2552363000000.0
2112. CK振出庫：複数レシピにマッチ、取込スキップ 粕屋CK '〇海鮮４色丼' JAN 2552363000000.0
2113. CK振出庫：複数レシピにマッチ、取込スキップ 粕屋CK '〇海鮮４色丼' JAN 2552363000000.0
2114. CK振出庫：複数レシピにマッチ、取込スキップ 粕屋CK '〇海鮮４色丼' JAN 2552363000000.0
2115. CK振出庫：複数レシピにマッチ、取込スキップ 粕屋CK '〇海鮮４色丼' JAN 2552363000000.0
2116. CK振出庫：複数レシピにマッチ、取込スキップ 粕屋CK '〇海鮮４色丼' JAN 2552363000000.0
2117. CK振出庫：複数レシピにマッチ、取込スキップ 粕屋CK '〇海鮮４色丼' JAN 2552363000000.0
2118. CK振出庫：複数レシピにマッチ、取込スキップ 粕屋CK '〇海鮮４色丼' JAN 2552363000000.0
2119. CK振出庫：複数レシピにマッチ、取込スキップ 粕屋CK '〇海鮮４色丼' JAN 2552363000000.0
2120. CK振出庫：複数レシピにマッチ、取込スキップ 粕屋CK '〇海鮮４色丼' JAN 2552363000000.0
2121. CK振出庫：複数レシピにマッチ、取込スキップ 粕屋CK '〇海鮮４色丼' JAN 2552363000000.0
2122. CK振出庫：複数レシピにマッチ、取込スキップ 粕屋CK '〇海鮮４色丼' JAN 2552363000000.0
2123. CK振出庫：複数レシピにマッチ、取込スキップ 粕屋CK '〇海鮮４色丼' JAN 2552363000000.0
2124. CK振出庫：複数レシピにマッチ、取込スキップ 粕屋CK '〇海鮮４色丼' JAN 2552363000000.0
2125. CK振出庫：複数レシピにマッチ、取込スキップ 粕屋CK '〇海鮮４色丼' JAN 2552363000000.0
2126. CK振出庫：複数レシピにマッチ、取込スキップ 粕屋CK '〇海鮮４色丼' JAN 2552363000000.0
2127. CK振出庫：複数レシピにマッチ、取込スキップ 粕屋CK '〇海鮮４色丼' JAN 2552363000000.0
2128. CK振出庫：複数レシピにマッチ、取込スキップ 粕屋CK '〇海鮮４色丼' JAN 2552363000000.0
2129. CK振出庫：複数レシピにマッチ、取込スキップ 粕屋CK '〇海鮮４色丼' JAN 2552363000000.0
2130. CK振出庫：複数レシピにマッチ、取込スキップ 粕屋CK '〇海鮮４色丼' JAN 2552363000000.0
2131. CK振出庫：複数レシピにマッチ、取込スキップ 粕屋CK '〇海鮮４色丼' JAN 2552363000000.0
2132. CK振出庫：複数レシピにマッチ、取込スキップ 粕屋CK '〇海鮮４色丼' JAN 2552363000000.0
2133. CK振出庫：複数レシピにマッチ、取込スキップ 粕屋CK '〇海鮮４色丼' JAN 2552363000000.0
2134. CK振出庫：複数レシピにマッチ、取込スキップ 粕屋CK '〇海鮮４色丼' JAN 2552363000000.0
2135. CK振出庫：複数レシピにマッチ、取込スキップ 粕屋CK '〇海鮮４色丼' JAN 2552363000000.0
2136. CK振出庫：複数レシピにマッチ、取込スキップ 粕屋CK '〇海鮮４色丼' JAN 2552363000000.0
2137. CK振出庫：複数レシピにマッチ、取込スキップ 粕屋CK '〇海鮮４色丼' JAN 2552363000000.0
2138. CK振出庫：複数レシピにマッチ、取込スキップ 粕屋CK '〇海鮮４色丼' JAN 2552363000000.0
2139. CK振出庫：複数レシピにマッチ、取込スキップ 粕屋CK '〇海鮮４色丼' JAN 2552363000000.0
2140. CK振出庫：複数レシピにマッチ、取込スキップ 粕屋CK '〇海鮮４色丼' JAN 2552363000000.0
2141. CK振出庫：複数レシピにマッチ、取込スキップ 粕屋CK '〇海鮮４色丼' JAN 2552363000000.0
2142. CK振出庫：複数レシピにマッチ、取込スキップ 粕屋CK '〇海鮮４色丼' JAN 2552363000000.0
2143. CK振出庫：複数レシピにマッチ、取込スキップ 粕屋CK '〇海鮮４色丼' JAN 2552363000000.0
2144. CK振出庫：複数レシピにマッチ、取込スキップ 粕屋CK '〇海鮮４色丼' JAN 2552363000000.0
2145. CK振出庫：複数レシピにマッチ、取込スキップ 粕屋CK '〇海鮮４色丼' JAN 2552363000000.0
2146. CK振出庫：複数レシピにマッチ、取込スキップ 粕屋CK '〇海鮮４色丼' JAN 2552363000000.0
2147. CK振出庫：複数レシピにマッチ、取込スキップ 粕屋CK '〇海鮮４色丼' JAN 2552363000000.0
2148. CK振出庫：商品名でJAN置換 粕屋CK '〇彩り丼' JAN 2552385000000.0 → 2552385000000
2149. CK振出庫：商品名でJAN置換 粕屋CK '〇彩り丼' JAN 2552385000000.0 → 2552385000000
2150. CK振出庫：商品名でJAN置換 粕屋CK '〇彩り丼' JAN 2552385000000.0 → 2552385000000
2151. CK振出庫：商品名でJAN置換 粕屋CK '〇彩り丼' JAN 2552385000000.0 → 2552385000000
2152. CK振出庫：商品名でJAN置換 粕屋CK '〇彩り丼' JAN 2552385000000.0 → 2552385000000
2153. CK振出庫：商品名でJAN置換 粕屋CK '〇彩り丼' JAN 2552385000000.0 → 2552385000000
2154. CK振出庫：商品名でJAN置換 粕屋CK '〇彩り丼' JAN 2552385000000.0 → 2552385000000
2155. CK振出庫：商品名でJAN置換 粕屋CK '〇彩り丼' JAN 2552385000000.0 → 2552385000000
2156. CK振出庫：商品名でJAN置換 粕屋CK '〇彩り丼' JAN 2552385000000.0 → 2552385000000
2157. CK振出庫：商品名でJAN置換 粕屋CK '〇彩り丼' JAN 2552385000000.0 → 2552385000000
2158. CK振出庫：商品名でJAN置換 粕屋CK '〇彩り丼' JAN 2552385000000.0 → 2552385000000
2159. CK振出庫：商品名でJAN置換 粕屋CK '〇彩り丼' JAN 2552385000000.0 → 2552385000000
2160. CK振出庫：商品名でJAN置換 粕屋CK '〇彩り丼' JAN 2552385000000.0 → 2552385000000
2161. CK振出庫：商品名でJAN置換 粕屋CK '〇彩り丼' JAN 2552385000000.0 → 2552385000000
2162. CK振出庫：商品名でJAN置換 粕屋CK '〇彩り丼' JAN 2552385000000.0 → 2552385000000
2163. CK振出庫：商品名でJAN置換 粕屋CK '〇彩り丼' JAN 2552385000000.0 → 2552385000000
2164. CK振出庫：商品名でJAN置換 粕屋CK '〇彩り丼' JAN 2552385000000.0 → 2552385000000
2165. CK振出庫：商品名でJAN置換 粕屋CK '〇彩り丼' JAN 2552385000000.0 → 2552385000000
2166. CK振出庫：商品名でJAN置換 粕屋CK '〇彩り丼' JAN 2552385000000.0 → 2552385000000
2167. CK振出庫：商品名でJAN置換 粕屋CK '〇彩り丼' JAN 2552385000000.0 → 2552385000000
2168. CK振出庫：商品名でJAN置換 粕屋CK '〇彩り丼' JAN 2552385000000.0 → 2552385000000
2169. CK振出庫：商品名でJAN置換 粕屋CK '〇彩り丼' JAN 2552385000000.0 → 2552385000000
2170. CK振出庫：商品名でJAN置換 粕屋CK '〇彩り丼' JAN 2552385000000.0 → 2552385000000
2171. CK振出庫：商品名でJAN置換 粕屋CK '〇彩り丼' JAN 2552385000000.0 → 2552385000000
2172. CK振出庫：商品名でJAN置換 粕屋CK '〇彩り丼' JAN 2552385000000.0 → 2552385000000
2173. CK振出庫：商品名でJAN置換 粕屋CK '〇彩り丼' JAN 2552385000000.0 → 2552385000000
2174. CK振出庫：商品名でJAN置換 粕屋CK '〇彩り丼' JAN 2552385000000.0 → 2552385000000
2175. CK振出庫：商品名でJAN置換 粕屋CK '〇天然キハダ＆ビントロ小丼' JAN 2552392000000.0 → 2552392000000
2176. CK振出庫：商品名でJAN置換 粕屋CK '〇天然キハダ＆ビントロ小丼' JAN 2552392000000.0 → 2552392000000
2177. CK振出庫：商品名でJAN置換 粕屋CK '〇天然キハダ＆ビントロ小丼' JAN 2552392000000.0 → 2552392000000
2178. CK振出庫：商品名でJAN置換 粕屋CK '〇天然キハダ＆ビントロ小丼' JAN 2552392000000.0 → 2552392000000
2179. CK振出庫：商品名でJAN置換 粕屋CK '〇天然キハダ＆ビントロ小丼' JAN 2552392000000.0 → 2552392000000
2180. CK振出庫：商品名でJAN置換 粕屋CK '〇天然キハダ＆ビントロ小丼' JAN 2552392000000.0 → 2552392000000
2181. CK振出庫：商品名でJAN置換 粕屋CK '〇天然キハダ＆ビントロ小丼' JAN 2552392000000.0 → 2552392000000
2182. CK振出庫：商品名でJAN置換 粕屋CK '〇天然キハダ＆ビントロ小丼' JAN 2552392000000.0 → 2552392000000
2183. CK振出庫：商品名でJAN置換 粕屋CK '〇天然キハダ＆ビントロ小丼' JAN 2552392000000.0 → 2552392000000
2184. CK振出庫：商品名でJAN置換 粕屋CK '〇天然キハダ＆ビントロ小丼' JAN 2552392000000.0 → 2552392000000
2185. CK振出庫：商品名でJAN置換 粕屋CK '〇天然キハダ＆ビントロ小丼' JAN 2552392000000.0 → 2552392000000
2186. CK振出庫：商品名でJAN置換 粕屋CK '〇天然キハダ＆ビントロ小丼' JAN 2552392000000.0 → 2552392000000
2187. CK振出庫：商品名でJAN置換 粕屋CK '〇天然キハダ＆ビントロ小丼' JAN 2552392000000.0 → 2552392000000
2188. CK振出庫：商品名でJAN置換 粕屋CK '〇天然キハダ＆ビントロ小丼' JAN 2552392000000.0 → 2552392000000
2189. CK振出庫：商品名でJAN置換 粕屋CK '〇天然キハダ＆ビントロ小丼' JAN 2552392000000.0 → 2552392000000
2190. CK振出庫：商品名でJAN置換 粕屋CK '〇天然キハダ＆ビントロ小丼' JAN 2552392000000.0 → 2552392000000
2191. CK振出庫：商品名でJAN置換 粕屋CK '〇天然キハダ＆ビントロ小丼' JAN 2552392000000.0 → 2552392000000
2192. CK振出庫：商品名でJAN置換 粕屋CK '〇天然キハダ＆ビントロ小丼' JAN 2552392000000.0 → 2552392000000
2193. CK振出庫：商品名でJAN置換 粕屋CK '〇天然キハダ＆ビントロ小丼' JAN 2552392000000.0 → 2552392000000
2194. CK振出庫：商品名でJAN置換 粕屋CK '〇天然キハダ＆ビントロ小丼' JAN 2552392000000.0 → 2552392000000
2195. CK振出庫：商品名でJAN置換 粕屋CK '〇天然キハダ＆ビントロ小丼' JAN 2552392000000.0 → 2552392000000
2196. CK振出庫：商品名でJAN置換 粕屋CK '〇天然キハダ＆ビントロ小丼' JAN 2552392000000.0 → 2552392000000
2197. CK振出庫：商品名でJAN置換 粕屋CK '〇天然キハダ＆ビントロ小丼' JAN 2552392000000.0 → 2552392000000
2198. CK振出庫：商品名でJAN置換 粕屋CK '〇天然キハダ＆ビントロ小丼' JAN 2552392000000.0 → 2552392000000
2199. CK振出庫：商品名でJAN置換 粕屋CK '〇天然キハダ＆ビントロ小丼' JAN 2552392000000.0 → 2552392000000
2200. CK振出庫：商品名でJAN置換 粕屋CK '〇天然キハダ＆ビントロ小丼' JAN 2552392000000.0 → 2552392000000
2201. CK振出庫：商品名でJAN置換 粕屋CK '〇天然キハダ＆ビントロ小丼' JAN 2552392000000.0 → 2552392000000
2202. CK振出庫：商品名でJAN置換 粕屋CK '〇天然キハダ＆ビントロ小丼' JAN 2552392000000.0 → 2552392000000
2203. CK振出庫：商品名でJAN置換 粕屋CK '〇天然キハダ＆ビントロ小丼' JAN 2552392000000.0 → 2552392000000
2204. CK振出庫：商品名でJAN置換 粕屋CK '〇天然キハダ＆ビントロ小丼' JAN 2552392000000.0 → 2552392000000
2205. CK振出庫：商品名でJAN置換 粕屋CK '〇天然キハダ＆ビントロ小丼' JAN 2552392000000.0 → 2552392000000
2206. CK振出庫：商品名でJAN置換 粕屋CK '〇天然キハダ＆ビントロ小丼' JAN 2552392000000.0 → 2552392000000
2207. CK振出庫：商品名でJAN置換 粕屋CK '〇天然キハダ＆ビントロ小丼' JAN 2552392000000.0 → 2552392000000
2208. CK振出庫：商品名でJAN置換 粕屋CK '〇天然キハダ＆ビントロ小丼' JAN 2552392000000.0 → 2552392000000
2209. CK振出庫：商品名でJAN置換 粕屋CK '〇天然キハダ＆ビントロ小丼' JAN 2552392000000.0 → 2552392000000
2210. CK振出庫：商品名でJAN置換 粕屋CK '〇天然キハダ＆ビントロ小丼' JAN 2552392000000.0 → 2552392000000
2211. CK振出庫：商品名でJAN置換 粕屋CK '〇天然キハダ＆ビントロ小丼' JAN 2552392000000.0 → 2552392000000
2212. CK振出庫：商品名でJAN置換 粕屋CK '〇天然キハダ＆ビントロ小丼' JAN 2552392000000.0 → 2552392000000
2213. CK振出庫：商品名でJAN置換 粕屋CK '〇天然キハダ＆ビントロ小丼' JAN 2552392000000.0 → 2552392000000
2214. CK振出庫：商品名でJAN置換 粕屋CK '〇天然キハダ＆ビントロ小丼' JAN 2552392000000.0 → 2552392000000
2215. CK振出庫：商品名でJAN置換 粕屋CK '〇天然キハダ＆ビントロ小丼' JAN 2552392000000.0 → 2552392000000
2216. CK振出庫：商品名でJAN置換 粕屋CK '〇天然キハダ＆ビントロ小丼' JAN 2552392000000.0 → 2552392000000
2217. CK振出庫：商品名でJAN置換 粕屋CK '〇天然キハダ＆ビントロ小丼' JAN 2552392000000.0 → 2552392000000
2218. CK振出庫：商品名でJAN置換 粕屋CK '〇天然キハダ＆ビントロ小丼' JAN 2552392000000.0 → 2552392000000
2219. CK振出庫：商品名でJAN置換 粕屋CK '〇天然キハダ＆ビントロ小丼' JAN 2552392000000.0 → 2552392000000
2220. CK振出庫：商品名でJAN置換 粕屋CK '〇天然キハダ＆ビントロ小丼' JAN 2552392000000.0 → 2552392000000
2221. CK振出庫：商品名でJAN置換 粕屋CK '〇天然キハダ＆ビントロ小丼' JAN 2552392000000.0 → 2552392000000
2222. CK振出庫：商品名でJAN置換 粕屋CK '〇天然キハダ＆ビントロ小丼' JAN 2552392000000.0 → 2552392000000
2223. CK振出庫：商品名でJAN置換 粕屋CK '〇天然キハダ＆ビントロ小丼' JAN 2552392000000.0 → 2552392000000
2224. CK振出庫：商品名でJAN置換 粕屋CK '〇天然キハダ＆ビントロ小丼' JAN 2552392000000.0 → 2552392000000
2225. CK振出庫：商品名でJAN置換 粕屋CK '〇天然キハダ＆ビントロ小丼' JAN 2552392000000.0 → 2552392000000
2226. CK振出庫：商品名でJAN置換 粕屋CK '〇天然キハダ＆ビントロ小丼' JAN 2552392000000.0 → 2552392000000
2227. CK振出庫：商品名でJAN置換 粕屋CK '〇天然キハダ＆ビントロ小丼' JAN 2552392000000.0 → 2552392000000
2228. CK振出庫：商品名でJAN置換 粕屋CK '〇天然キハダ＆ビントロ小丼' JAN 2552392000000.0 → 2552392000000
2229. CK振出庫：商品名でJAN置換 粕屋CK '〇天然キハダ＆ビントロ小丼' JAN 2552392000000.0 → 2552392000000
2230. CK振出庫：商品名でJAN置換 粕屋CK '〇天然キハダ＆ビントロ小丼' JAN 2552392000000.0 → 2552392000000
2231. CK振出庫：商品名でJAN置換 粕屋CK '〇天然キハダ＆ビントロ小丼' JAN 2552392000000.0 → 2552392000000
2232. CK振出庫：商品名でJAN置換 粕屋CK '〇天然キハダ＆ビントロ小丼' JAN 2552392000000.0 → 2552392000000
2233. CK振出庫：商品名でJAN置換 粕屋CK '〇天然キハダ＆ビントロ小丼' JAN 2552392000000.0 → 2552392000000
2234. CK振出庫：商品名でJAN置換 粕屋CK '〇天然キハダ＆ビントロ小丼' JAN 2552392000000.0 → 2552392000000
2235. CK振出庫：商品名でJAN置換 粕屋CK '〇天然キハダ＆ビントロ小丼' JAN 2552392000000.0 → 2552392000000
2236. CK振出庫：商品名でJAN置換 粕屋CK '〇天然キハダ＆ビントロ小丼' JAN 2552392000000.0 → 2552392000000
2237. CK振出庫：商品名でJAN置換 粕屋CK '〇天然キハダ＆ビントロ小丼' JAN 2552392000000.0 → 2552392000000
2238. CK振出庫：商品名でJAN置換 粕屋CK '〇天然キハダ＆ビントロ小丼' JAN 2552392000000.0 → 2552392000000
2239. CK振出庫：商品名でJAN置換 粕屋CK '〇天然キハダ＆ビントロ小丼' JAN 2552392000000.0 → 2552392000000
2240. CK振出庫：商品名でJAN置換 粕屋CK '〇天然キハダ＆ビントロ小丼' JAN 2552392000000.0 → 2552392000000
2241. CK振出庫：商品名でJAN置換 粕屋CK '〇天然キハダ＆ビントロ小丼' JAN 2552392000000.0 → 2552392000000
2242. CK振出庫：商品名でJAN置換 粕屋CK '〇天然キハダ＆ビントロ小丼' JAN 2552392000000.0 → 2552392000000
2243. CK振出庫：商品名でJAN置換 粕屋CK '〇天然キハダ＆ビントロ小丼' JAN 2552392000000.0 → 2552392000000
2244. CK振出庫：商品名でJAN置換 粕屋CK '〇天然キハダ＆ビントロ小丼' JAN 2552392000000.0 → 2552392000000
2245. CK振出庫：商品名でJAN置換 粕屋CK '〇天然キハダ＆ビントロ小丼' JAN 2552392000000.0 → 2552392000000
2246. CK振出庫：商品名でJAN置換 粕屋CK '〇天然キハダ＆ビントロ小丼' JAN 2552392000000.0 → 2552392000000
2247. CK振出庫：商品名でJAN置換 粕屋CK '〇天然キハダ＆ビントロ小丼' JAN 2552392000000.0 → 2552392000000
2248. CK振出庫：商品名でJAN置換 粕屋CK '〇天然キハダ＆ビントロ小丼' JAN 2552392000000.0 → 2552392000000
2249. CK振出庫：商品名でJAN置換 粕屋CK '〇天然キハダ＆ビントロ小丼' JAN 2552392000000.0 → 2552392000000
2250. CK振出庫：商品名でJAN置換 粕屋CK '〇天然キハダ＆ビントロ小丼' JAN 2552392000000.0 → 2552392000000
2251. CK振出庫：商品名でJAN置換 粕屋CK '〇天然キハダ＆ビントロ小丼' JAN 2552392000000.0 → 2552392000000
2252. CK振出庫：商品名でJAN置換 粕屋CK '〇天然キハダ＆ビントロ小丼' JAN 2552392000000.0 → 2552392000000
2253. CK振出庫：商品名でJAN置換 粕屋CK '〇天然キハダ＆ビントロ小丼' JAN 2552392000000.0 → 2552392000000
2254. CK振出庫：商品名でJAN置換 粕屋CK '〇天然キハダ＆ビントロ小丼' JAN 2552392000000.0 → 2552392000000
2255. CK振出庫：商品名でJAN置換 粕屋CK '〇天然キハダ＆ビントロ小丼' JAN 2552392000000.0 → 2552392000000
2256. CK振出庫：商品名でJAN置換 粕屋CK '〇天然キハダ＆ビントロ小丼' JAN 2552392000000.0 → 2552392000000
2257. CK振出庫：商品名でJAN置換 粕屋CK '〇天然キハダ＆ビントロ小丼' JAN 2552392000000.0 → 2552392000000
2258. CK振出庫：商品名でJAN置換 粕屋CK '〇天然キハダ＆ビントロ小丼' JAN 2552392000000.0 → 2552392000000
2259. CK振出庫：商品名でJAN置換 粕屋CK '〇天然キハダ＆ビントロ小丼' JAN 2552392000000.0 → 2552392000000
2260. CK振出庫：商品名でJAN置換 粕屋CK '〇天然キハダ＆ビントロ小丼' JAN 2552392000000.0 → 2552392000000
2261. CK振出庫：商品名でJAN置換 粕屋CK '〇天然キハダ＆ビントロ小丼' JAN 2552392000000.0 → 2552392000000
2262. CK振出庫：商品名でJAN置換 粕屋CK '〇天然キハダ＆ビントロ小丼' JAN 2552392000000.0 → 2552392000000
2263. CK振出庫：商品名でJAN置換 粕屋CK '〇天然キハダ＆ビントロ小丼' JAN 2552392000000.0 → 2552392000000
2264. CK振出庫：商品名でJAN置換 粕屋CK '〇天然キハダ＆ビントロ小丼' JAN 2552392000000.0 → 2552392000000
2265. CK振出庫：商品名でJAN置換 粕屋CK '〇天然キハダ＆ビントロ小丼' JAN 2552392000000.0 → 2552392000000
2266. CK振出庫：商品名でJAN置換 粕屋CK '〇天然キハダ＆ビントロ小丼' JAN 2552392000000.0 → 2552392000000
2267. CK振出庫：商品名でJAN置換 粕屋CK '〇天然キハダ＆ビントロ小丼' JAN 2552392000000.0 → 2552392000000
2268. CK振出庫：商品名でJAN置換 粕屋CK '〇天然キハダ＆ビントロ小丼' JAN 2552392000000.0 → 2552392000000
2269. CK振出庫：商品名でJAN置換 粕屋CK '〇天然キハダ＆ビントロ小丼' JAN 2552392000000.0 → 2552392000000
2270. CK振出庫：商品名でJAN置換 粕屋CK '〇天然キハダ＆ビントロ小丼' JAN 2552392000000.0 → 2552392000000
2271. CK振出庫：商品名でJAN置換 粕屋CK '〇天然キハダ＆ビントロ小丼' JAN 2552392000000.0 → 2552392000000
2272. CK振出庫：商品名でJAN置換 粕屋CK '〇天然キハダ＆ビントロ小丼' JAN 2552392000000.0 → 2552392000000
2273. CK振出庫：商品名でJAN置換 粕屋CK '〇天然キハダ＆ビントロ小丼' JAN 2552392000000.0 → 2552392000000
2274. CK振出庫：商品名でJAN置換 粕屋CK '〇天然キハダ＆ビントロ小丼' JAN 2552392000000.0 → 2552392000000
2275. CK振出庫：商品名でJAN置換 粕屋CK '〇天然キハダ＆ビントロ小丼' JAN 2552392000000.0 → 2552392000000
2276. CK振出庫：商品名でJAN置換 粕屋CK '〇天然キハダ＆ビントロ小丼' JAN 2552392000000.0 → 2552392000000
2277. CK振出庫：商品名でJAN置換 粕屋CK '〇天然キハダ＆ビントロ小丼' JAN 2552392000000.0 → 2552392000000
2278. CK振出庫：商品名でJAN置換 粕屋CK '〇天然キハダ＆ビントロ小丼' JAN 2552392000000.0 → 2552392000000
2279. CK振出庫：商品名でJAN置換 粕屋CK '〇天然キハダ＆ビントロ小丼' JAN 2552392000000.0 → 2552392000000
2280. CK振出庫：商品名でJAN置換 粕屋CK '〇天然キハダ＆ビントロ小丼' JAN 2552392000000.0 → 2552392000000
2281. CK振出庫：商品名でJAN置換 粕屋CK '〇天然キハダ＆ビントロ小丼' JAN 2552392000000.0 → 2552392000000
2282. CK振出庫：商品名でJAN置換 粕屋CK '〇天然キハダ＆ねぎとろ小丼' JAN 2552413000000.0 → 2552413000000
2283. CK振出庫：商品名でJAN置換 粕屋CK '〇天然キハダ＆ねぎとろ小丼' JAN 2552413000000.0 → 2552413000000
2284. CK振出庫：商品名でJAN置換 粕屋CK '〇天然キハダ＆ねぎとろ小丼' JAN 2552413000000.0 → 2552413000000
2285. CK振出庫：商品名でJAN置換 粕屋CK '〇天然キハダ＆ねぎとろ小丼' JAN 2552413000000.0 → 2552413000000
2286. CK振出庫：商品名でJAN置換 粕屋CK '〇天然キハダ＆ねぎとろ小丼' JAN 2552413000000.0 → 2552413000000
2287. CK振出庫：商品名でJAN置換 粕屋CK '〇天然キハダ＆ねぎとろ小丼' JAN 2552413000000.0 → 2552413000000
2288. CK振出庫：商品名でJAN置換 粕屋CK '〇天然キハダ＆ねぎとろ小丼' JAN 2552413000000.0 → 2552413000000
2289. CK振出庫：商品名でJAN置換 粕屋CK '〇天然キハダ＆ねぎとろ小丼' JAN 2552413000000.0 → 2552413000000
2290. CK振出庫：商品名でJAN置換 粕屋CK '〇天然キハダ＆ねぎとろ小丼' JAN 2552413000000.0 → 2552413000000
2291. CK振出庫：商品名でJAN置換 粕屋CK '〇天然キハダ＆ねぎとろ小丼' JAN 2552413000000.0 → 2552413000000
2292. CK振出庫：商品名でJAN置換 粕屋CK '〇天然キハダ＆ねぎとろ小丼' JAN 2552413000000.0 → 2552413000000
2293. CK振出庫：商品名でJAN置換 粕屋CK '〇天然キハダ＆ねぎとろ小丼' JAN 2552413000000.0 → 2552413000000
2294. CK振出庫：商品名でJAN置換 粕屋CK '〇天然キハダ＆ねぎとろ小丼' JAN 2552413000000.0 → 2552413000000
2295. CK振出庫：商品名でJAN置換 粕屋CK '〇天然キハダ＆ねぎとろ小丼' JAN 2552413000000.0 → 2552413000000
2296. CK振出庫：商品名でJAN置換 粕屋CK '〇天然キハダ＆ねぎとろ小丼' JAN 2552413000000.0 → 2552413000000
2297. CK振出庫：商品名でJAN置換 粕屋CK '〇天然キハダ＆ねぎとろ小丼' JAN 2552413000000.0 → 2552413000000
2298. CK振出庫：商品名でJAN置換 粕屋CK '〇天然キハダ＆ねぎとろ小丼' JAN 2552413000000.0 → 2552413000000
2299. CK振出庫：商品名でJAN置換 粕屋CK '〇天然キハダ＆ねぎとろ小丼' JAN 2552413000000.0 → 2552413000000
2300. CK振出庫：商品名でJAN置換 粕屋CK '〇天然キハダ＆ねぎとろ小丼' JAN 2552413000000.0 → 2552413000000
2301. CK振出庫：商品名でJAN置換 粕屋CK '〇天然キハダ＆ねぎとろ小丼' JAN 2552413000000.0 → 2552413000000
2302. CK振出庫：商品名でJAN置換 粕屋CK '〇天然キハダ＆ねぎとろ小丼' JAN 2552413000000.0 → 2552413000000
2303. CK振出庫：商品名でJAN置換 粕屋CK '〇天然キハダ＆ねぎとろ小丼' JAN 2552413000000.0 → 2552413000000
2304. CK振出庫：商品名でJAN置換 粕屋CK '〇天然キハダ＆ねぎとろ小丼' JAN 2552413000000.0 → 2552413000000
2305. CK振出庫：商品名でJAN置換 粕屋CK '〇天然キハダ＆ねぎとろ小丼' JAN 2552413000000.0 → 2552413000000
2306. CK振出庫：商品名でJAN置換 粕屋CK '〇天然キハダ＆ねぎとろ小丼' JAN 2552413000000.0 → 2552413000000
2307. CK振出庫：商品名でJAN置換 粕屋CK '〇天然キハダ＆ねぎとろ小丼' JAN 2552413000000.0 → 2552413000000
2308. CK振出庫：商品名でJAN置換 粕屋CK '〇天然キハダ＆ねぎとろ小丼' JAN 2552413000000.0 → 2552413000000
2309. CK振出庫：商品名でJAN置換 粕屋CK '〇天然キハダ＆ねぎとろ小丼' JAN 2552413000000.0 → 2552413000000
2310. CK振出庫：商品名でJAN置換 粕屋CK '〇天然キハダ＆ねぎとろ小丼' JAN 2552413000000.0 → 2552413000000
2311. CK振出庫：商品名でJAN置換 粕屋CK '〇天然キハダ＆ねぎとろ小丼' JAN 2552413000000.0 → 2552413000000
2312. CK振出庫：商品名でJAN置換 粕屋CK '〇天然キハダ＆ねぎとろ小丼' JAN 2552413000000.0 → 2552413000000
2313. CK振出庫：商品名でJAN置換 粕屋CK '〇天然キハダ＆ねぎとろ小丼' JAN 2552413000000.0 → 2552413000000
2314. CK振出庫：商品名でJAN置換 粕屋CK '〇天然キハダ＆ねぎとろ小丼' JAN 2552413000000.0 → 2552413000000
2315. CK振出庫：商品名でJAN置換 粕屋CK '〇天然キハダ＆ねぎとろ小丼' JAN 2552413000000.0 → 2552413000000
2316. CK振出庫：商品名でJAN置換 粕屋CK '〇天然キハダ＆ねぎとろ小丼' JAN 2552413000000.0 → 2552413000000
2317. CK振出庫：商品名でJAN置換 粕屋CK '〇天然キハダ＆ねぎとろ小丼' JAN 2552413000000.0 → 2552413000000
2318. CK振出庫：商品名でJAN置換 粕屋CK '〇天然キハダ＆ねぎとろ小丼' JAN 2552413000000.0 → 2552413000000
2319. CK振出庫：商品名でJAN置換 粕屋CK '〇天然キハダ＆ねぎとろ小丼' JAN 2552413000000.0 → 2552413000000
2320. CK振出庫：商品名でJAN置換 粕屋CK '〇天然キハダ＆ねぎとろ小丼' JAN 2552413000000.0 → 2552413000000
2321. CK振出庫：商品名でJAN置換 粕屋CK '〇天然キハダ＆ねぎとろ小丼' JAN 2552413000000.0 → 2552413000000
2322. CK振出庫：商品名でJAN置換 粕屋CK '〇天然キハダ＆ねぎとろ小丼' JAN 2552413000000.0 → 2552413000000
2323. CK振出庫：商品名でJAN置換 粕屋CK '〇天然キハダ＆ねぎとろ小丼' JAN 2552413000000.0 → 2552413000000
2324. CK振出庫：商品名でJAN置換 粕屋CK '〇天然キハダ＆ねぎとろ小丼' JAN 2552413000000.0 → 2552413000000
2325. CK振出庫：商品名でJAN置換 粕屋CK '〇天然キハダ＆ねぎとろ小丼' JAN 2552413000000.0 → 2552413000000
2326. CK振出庫：商品名でJAN置換 粕屋CK '〇天然キハダ＆ねぎとろ小丼' JAN 2552413000000.0 → 2552413000000
2327. CK振出庫：商品名でJAN置換 粕屋CK '〇天然キハダ＆ねぎとろ小丼' JAN 2552413000000.0 → 2552413000000
2328. CK振出庫：商品名でJAN置換 粕屋CK '〇天然キハダ＆ねぎとろ小丼' JAN 2552413000000.0 → 2552413000000
2329. CK振出庫：商品名でJAN置換 粕屋CK '〇天然キハダ＆ねぎとろ小丼' JAN 2552413000000.0 → 2552413000000
2330. CK振出庫：商品名でJAN置換 粕屋CK '〇天然キハダ＆ねぎとろ小丼' JAN 2552413000000.0 → 2552413000000
2331. CK振出庫：商品名でJAN置換 粕屋CK '〇天然キハダ＆ねぎとろ小丼' JAN 2552413000000.0 → 2552413000000
2332. CK振出庫：商品名でJAN置換 粕屋CK '〇天然キハダ＆ねぎとろ小丼' JAN 2552413000000.0 → 2552413000000
2333. CK振出庫：商品名でJAN置換 粕屋CK '〇天然キハダ＆ねぎとろ小丼' JAN 2552413000000.0 → 2552413000000
2334. CK振出庫：商品名でJAN置換 粕屋CK '〇天然キハダ＆ねぎとろ小丼' JAN 2552413000000.0 → 2552413000000
2335. CK振出庫：商品名でJAN置換 粕屋CK '〇天然キハダ＆ねぎとろ小丼' JAN 2552413000000.0 → 2552413000000
2336. CK振出庫：商品名でJAN置換 粕屋CK '〇天然キハダ＆ねぎとろ小丼' JAN 2552413000000.0 → 2552413000000
2337. CK振出庫：商品名でJAN置換 粕屋CK '〇天然キハダ＆ねぎとろ小丼' JAN 2552413000000.0 → 2552413000000
2338. CK振出庫：商品名でJAN置換 粕屋CK '〇天然キハダ＆ねぎとろ小丼' JAN 2552413000000.0 → 2552413000000
2339. CK振出庫：商品名でJAN置換 粕屋CK '〇天然キハダ＆ねぎとろ小丼' JAN 2552413000000.0 → 2552413000000
2340. CK振出庫：商品名でJAN置換 粕屋CK '〇天然キハダ＆ねぎとろ小丼' JAN 2552413000000.0 → 2552413000000
2341. CK振出庫：商品名でJAN置換 粕屋CK '〇天然キハダ＆ねぎとろ小丼' JAN 2552413000000.0 → 2552413000000
2342. CK振出庫：商品名でJAN置換 粕屋CK '〇天然キハダ＆ねぎとろ小丼' JAN 2552413000000.0 → 2552413000000
2343. CK振出庫：商品名でJAN置換 粕屋CK '〇天然キハダ＆ねぎとろ小丼' JAN 2552413000000.0 → 2552413000000
2344. CK振出庫：商品名でJAN置換 粕屋CK '〇天然キハダ＆ねぎとろ小丼' JAN 2552413000000.0 → 2552413000000
2345. CK振出庫：商品名でJAN置換 粕屋CK '〇天然キハダ＆ねぎとろ小丼' JAN 2552413000000.0 → 2552413000000
2346. CK振出庫：商品名でJAN置換 粕屋CK '〇天然キハダ＆ねぎとろ小丼' JAN 2552413000000.0 → 2552413000000
2347. CK振出庫：商品名でJAN置換 粕屋CK '〇天然キハダ＆ねぎとろ小丼' JAN 2552413000000.0 → 2552413000000
2348. CK振出庫：商品名でJAN置換 粕屋CK '〇天然キハダ＆ねぎとろ小丼' JAN 2552413000000.0 → 2552413000000
2349. CK振出庫：商品名でJAN置換 粕屋CK '〇天然キハダ＆ねぎとろ小丼' JAN 2552413000000.0 → 2552413000000
2350. CK振出庫：商品名でJAN置換 粕屋CK '〇天然キハダ＆ねぎとろ小丼' JAN 2552413000000.0 → 2552413000000
2351. CK振出庫：商品名でJAN置換 粕屋CK '〇天然キハダ＆ねぎとろ小丼' JAN 2552413000000.0 → 2552413000000
2352. CK振出庫：商品名でJAN置換 粕屋CK '〇天然キハダ＆ねぎとろ小丼' JAN 2552413000000.0 → 2552413000000
2353. CK振出庫：商品名でJAN置換 粕屋CK '〇天然キハダ＆ねぎとろ小丼' JAN 2552413000000.0 → 2552413000000
2354. CK振出庫：商品名でJAN置換 粕屋CK '〇天然キハダ＆ねぎとろ小丼' JAN 2552413000000.0 → 2552413000000
2355. CK振出庫：商品名でJAN置換 粕屋CK '〇天然キハダ＆ねぎとろ小丼' JAN 2552413000000.0 → 2552413000000
2356. CK振出庫：商品名でJAN置換 粕屋CK '〇天然キハダ＆ねぎとろ小丼' JAN 2552413000000.0 → 2552413000000
2357. CK振出庫：商品名でJAN置換 粕屋CK '〇天然キハダ＆ねぎとろ小丼' JAN 2552413000000.0 → 2552413000000
2358. CK振出庫：商品名でJAN置換 粕屋CK '〇天然キハダ＆ねぎとろ小丼' JAN 2552413000000.0 → 2552413000000
2359. CK振出庫：商品名でJAN置換 粕屋CK '〇天然キハダ＆ねぎとろ小丼' JAN 2552413000000.0 → 2552413000000
2360. CK振出庫：商品名でJAN置換 粕屋CK '〇天然キハダ＆ねぎとろ小丼' JAN 2552413000000.0 → 2552413000000
2361. CK振出庫：商品名でJAN置換 粕屋CK '〇天然キハダ＆ねぎとろ小丼' JAN 2552413000000.0 → 2552413000000
2362. CK振出庫：商品名でJAN置換 粕屋CK '〇天然キハダ＆ねぎとろ小丼' JAN 2552413000000.0 → 2552413000000
2363. CK振出庫：商品名でJAN置換 粕屋CK '〇天然キハダ＆ねぎとろ小丼' JAN 2552413000000.0 → 2552413000000
2364. CK振出庫：商品名でJAN置換 粕屋CK '〇天然キハダ＆ねぎとろ小丼' JAN 2552413000000.0 → 2552413000000
2365. CK振出庫：商品名でJAN置換 粕屋CK '〇天然キハダ＆ねぎとろ小丼' JAN 2552413000000.0 → 2552413000000
2366. CK振出庫：商品名でJAN置換 粕屋CK '〇天然キハダ＆ねぎとろ小丼' JAN 2552413000000.0 → 2552413000000
2367. CK振出庫：商品名でJAN置換 粕屋CK '〇天然キハダ＆ねぎとろ小丼' JAN 2552413000000.0 → 2552413000000
2368. CK振出庫：商品名でJAN置換 粕屋CK '〇天然キハダ＆ねぎとろ小丼' JAN 2552413000000.0 → 2552413000000
2369. CK振出庫：商品名でJAN置換 粕屋CK '〇天然キハダ＆ねぎとろ小丼' JAN 2552413000000.0 → 2552413000000
2370. CK振出庫：商品名でJAN置換 粕屋CK '〇天然キハダ＆ねぎとろ小丼' JAN 2552413000000.0 → 2552413000000
2371. CK振出庫：商品名でJAN置換 粕屋CK '〇天然キハダ＆ねぎとろ小丼' JAN 2552413000000.0 → 2552413000000
2372. CK振出庫：商品名でJAN置換 粕屋CK '〇天然キハダ＆ねぎとろ小丼' JAN 2552413000000.0 → 2552413000000
2373. CK振出庫：商品名でJAN置換 粕屋CK '〇天然キハダ＆ねぎとろ小丼' JAN 2552413000000.0 → 2552413000000
2374. CK振出庫：商品名でJAN置換 粕屋CK '〇天然キハダ＆ねぎとろ小丼' JAN 2552413000000.0 → 2552413000000
2375. CK振出庫：商品名でJAN置換 粕屋CK '〇天然キハダ＆ねぎとろ小丼' JAN 2552413000000.0 → 2552413000000
2376. CK振出庫：商品名でJAN置換 粕屋CK '〇天然キハダ＆ねぎとろ小丼' JAN 2552413000000.0 → 2552413000000
2377. CK振出庫：商品名でJAN置換 粕屋CK '〇天然キハダ＆ねぎとろ小丼' JAN 2552413000000.0 → 2552413000000
2378. CK振出庫：商品名でJAN置換 粕屋CK '〇天然キハダ＆ねぎとろ小丼' JAN 2552413000000.0 → 2552413000000
2379. CK振出庫：商品名でJAN置換 粕屋CK '〇天然キハダ＆ねぎとろ小丼' JAN 2552413000000.0 → 2552413000000
2380. CK振出庫：商品名でJAN置換 粕屋CK '〇天然キハダ＆ねぎとろ小丼' JAN 2552413000000.0 → 2552413000000
2381. CK振出庫：商品名でJAN置換 粕屋CK '〇天然キハダ＆ねぎとろ小丼' JAN 2552413000000.0 → 2552413000000
2382. CK振出庫：商品名でJAN置換 粕屋CK '〇天然キハダ＆ねぎとろ小丼' JAN 2552413000000.0 → 2552413000000
2383. CK振出庫：商品名でJAN置換 粕屋CK '〇天然キハダ＆ねぎとろ小丼' JAN 2552413000000.0 → 2552413000000
2384. CK振出庫：商品名でJAN置換 粕屋CK '〇天然キハダ＆ねぎとろ小丼' JAN 2552413000000.0 → 2552413000000
2385. CK振出庫：商品名でJAN置換 粕屋CK '〇天然キハダ＆ねぎとろ小丼' JAN 2552413000000.0 → 2552413000000
2386. CK振出庫：商品名でJAN置換 粕屋CK '〇天然キハダ＆ねぎとろ小丼' JAN 2552413000000.0 → 2552413000000
2387. CK振出庫：商品名でJAN置換 粕屋CK '〇天然キハダ＆ねぎとろ小丼' JAN 2552413000000.0 → 2552413000000
2388. CK振出庫：商品名でJAN置換 粕屋CK '〇天然キハダ＆ねぎとろ小丼' JAN 2552413000000.0 → 2552413000000
2389. CK振出庫：商品名でJAN置換 粕屋CK '〇天然キハダ＆ねぎとろ小丼' JAN 2552413000000.0 → 2552413000000
2390. CK振出庫：商品名でJAN置換 粕屋CK '〇天然キハダ＆ねぎとろ小丼' JAN 2552413000000.0 → 2552413000000
2391. CK振出庫：商品名でJAN置換 粕屋CK '〇天然キハダ＆ねぎとろ小丼' JAN 2552413000000.0 → 2552413000000
2392. CK振出庫：商品名でJAN置換 粕屋CK '〇まかない海鮮漬け丼・中盛' JAN 2552808000000.0 → 2552808000000
2393. CK振出庫：商品名でJAN置換 粕屋CK '〇まかない海鮮漬け丼・中盛' JAN 2552808000000.0 → 2552808000000
2394. CK振出庫：商品名でJAN置換 粕屋CK '〇まかない海鮮漬け丼・中盛' JAN 2552808000000.0 → 2552808000000
2395. CK振出庫：商品名でJAN置換 粕屋CK '〇まかない海鮮漬け丼・中盛' JAN 2552808000000.0 → 2552808000000
2396. CK振出庫：商品名でJAN置換 粕屋CK '〇まかない海鮮漬け丼・中盛' JAN 2552808000000.0 → 2552808000000
2397. CK振出庫：商品名でJAN置換 粕屋CK '〇まかない海鮮漬け丼・中盛' JAN 2552808000000.0 → 2552808000000
2398. CK振出庫：商品名でJAN置換 粕屋CK '〇まかない海鮮漬け丼・中盛' JAN 2552808000000.0 → 2552808000000
2399. CK振出庫：商品名でJAN置換 粕屋CK '〇まかない海鮮漬け丼・中盛' JAN 2552808000000.0 → 2552808000000
2400. CK振出庫：商品名でJAN置換 粕屋CK '〇まかない海鮮漬け丼・中盛' JAN 2552808000000.0 → 2552808000000
2401. CK振出庫：商品名でJAN置換 粕屋CK '〇まかない海鮮漬け丼・中盛' JAN 2552808000000.0 → 2552808000000
2402. CK振出庫：商品名でJAN置換 粕屋CK '〇まかない海鮮漬け丼・中盛' JAN 2552808000000.0 → 2552808000000
2403. CK振出庫：商品名でJAN置換 粕屋CK '〇まかない海鮮漬け丼・中盛' JAN 2552808000000.0 → 2552808000000
2404. CK振出庫：商品名でJAN置換 粕屋CK '〇まかない海鮮漬け丼・中盛' JAN 2552808000000.0 → 2552808000000
2405. CK振出庫：商品名でJAN置換 粕屋CK '〇まかない海鮮漬け丼・中盛' JAN 2552808000000.0 → 2552808000000
2406. CK振出庫：商品名でJAN置換 粕屋CK '〇まかない海鮮漬け丼・中盛' JAN 2552808000000.0 → 2552808000000
2407. CK振出庫：商品名でJAN置換 粕屋CK '〇海鮮漬け丼とうどんセット' JAN 2553407000000.0 → 2553407000000
2408. CK振出庫：商品名でJAN置換 粕屋CK '〇海鮮漬け丼とうどんセット' JAN 2553407000000.0 → 2553407000000
2409. CK振出庫：商品名でJAN置換 粕屋CK '〇海鮮漬け丼とうどんセット' JAN 2553407000000.0 → 2553407000000
2410. CK振出庫：商品名でJAN置換 粕屋CK '〇海鮮漬け丼とうどんセット' JAN 2553407000000.0 → 2553407000000
2411. CK振出庫：商品名でJAN置換 粕屋CK '〇海鮮漬け丼とうどんセット' JAN 2553407000000.0 → 2553407000000
2412. CK振出庫：商品名でJAN置換 粕屋CK '〇海鮮漬け丼とうどんセット' JAN 2553407000000.0 → 2553407000000
2413. CK振出庫：商品名でJAN置換 粕屋CK '〇海鮮漬け丼とうどんセット' JAN 2553407000000.0 → 2553407000000
2414. CK振出庫：商品名でJAN置換 粕屋CK '〇海鮮漬け丼とうどんセット' JAN 2553407000000.0 → 2553407000000
2415. CK振出庫：商品名でJAN置換 粕屋CK '〇海鮮漬け丼とうどんセット' JAN 2553407000000.0 → 2553407000000
2416. CK振出庫：商品名でJAN置換 粕屋CK '〇海鮮漬け丼とうどんセット' JAN 2553407000000.0 → 2553407000000
2417. CK振出庫：商品名でJAN置換 粕屋CK '〇海鮮漬け丼とうどんセット' JAN 2553407000000.0 → 2553407000000
2418. CK振出庫：商品名でJAN置換 粕屋CK '〇海鮮漬け丼とうどんセット' JAN 2553407000000.0 → 2553407000000
2419. CK振出庫：商品名でJAN置換 粕屋CK '〇海鮮漬け丼とうどんセット' JAN 2553407000000.0 → 2553407000000
2420. CK振出庫：商品名でJAN置換 粕屋CK '〇海鮮漬け丼とうどんセット' JAN 2553407000000.0 → 2553407000000
2421. CK振出庫：商品名でJAN置換 粕屋CK '〇海鮮漬け丼とうどんセット' JAN 2553407000000.0 → 2553407000000
2422. CK振出庫：商品名でJAN置換 粕屋CK '〇海鮮漬け丼とうどんセット' JAN 2553407000000.0 → 2553407000000
2423. CK振出庫：商品名でJAN置換 粕屋CK '〇海鮮漬け丼とうどんセット' JAN 2553407000000.0 → 2553407000000
2424. CK振出庫：商品名でJAN置換 粕屋CK '〇海鮮漬け丼とうどんセット' JAN 2553407000000.0 → 2553407000000
2425. CK振出庫：商品名でJAN置換 粕屋CK '〇海鮮漬け丼とうどんセット' JAN 2553407000000.0 → 2553407000000
2426. CK振出庫：商品名でJAN置換 粕屋CK '〇海鮮漬け丼とうどんセット' JAN 2553407000000.0 → 2553407000000
2427. CK振出庫：商品名でJAN置換 粕屋CK '〇海鮮漬け丼とうどんセット' JAN 2553407000000.0 → 2553407000000
2428. CK振出庫：商品名でJAN置換 粕屋CK '〇海鮮漬け丼とうどんセット' JAN 2553407000000.0 → 2553407000000
2429. CK振出庫：商品名でJAN置換 粕屋CK '〇海鮮漬け丼とうどんセット' JAN 2553407000000.0 → 2553407000000
2430. CK振出庫：商品名でJAN置換 粕屋CK '〇海鮮漬け丼とうどんセット' JAN 2553407000000.0 → 2553407000000
2431. CK振出庫：商品名でJAN置換 粕屋CK '〇海鮮漬け丼とうどんセット' JAN 2553407000000.0 → 2553407000000
2432. CK振出庫：商品名でJAN置換 粕屋CK '〇海鮮漬け丼とうどんセット' JAN 2553407000000.0 → 2553407000000
2433. CK振出庫：商品名でJAN置換 粕屋CK '〇海鮮漬け丼とうどんセット' JAN 2553407000000.0 → 2553407000000
2434. CK振出庫：商品名でJAN置換 粕屋CK '〇海鮮漬け丼とうどんセット' JAN 2553407000000.0 → 2553407000000
2435. CK振出庫：商品名でJAN置換 粕屋CK '〇海鮮漬け丼とうどんセット' JAN 2553407000000.0 → 2553407000000
2436. CK振出庫：商品名でJAN置換 粕屋CK '〇海鮮漬け丼とうどんセット' JAN 2553407000000.0 → 2553407000000
2437. CK振出庫：商品名でJAN置換 粕屋CK '〇海鮮漬け丼とうどんセット' JAN 2553407000000.0 → 2553407000000
2438. CK振出庫：商品名でJAN置換 粕屋CK '〇海鮮漬け丼とうどんセット' JAN 2553407000000.0 → 2553407000000
2439. CK振出庫：商品名でJAN置換 粕屋CK '〇海鮮漬け丼とうどんセット' JAN 2553407000000.0 → 2553407000000
2440. CK振出庫：商品名でJAN置換 粕屋CK '〇海鮮漬け丼とうどんセット' JAN 2553407000000.0 → 2553407000000
2441. CK振出庫：商品名でJAN置換 粕屋CK '〇海鮮漬け丼とうどんセット' JAN 2553407000000.0 → 2553407000000
2442. CK振出庫：商品名でJAN置換 粕屋CK '〇海鮮漬け丼とうどんセット' JAN 2553407000000.0 → 2553407000000
2443. CK振出庫：商品名でJAN置換 粕屋CK '〇海鮮漬け丼とうどんセット' JAN 2553407000000.0 → 2553407000000
2444. CK振出庫：商品名でJAN置換 粕屋CK '〇海鮮漬け丼とうどんセット' JAN 2553407000000.0 → 2553407000000
2445. CK振出庫：商品名でJAN置換 粕屋CK '〇海鮮漬け丼とうどんセット' JAN 2553407000000.0 → 2553407000000
2446. CK振出庫：商品名でJAN置換 粕屋CK '〇海鮮漬け丼とうどんセット' JAN 2553407000000.0 → 2553407000000
2447. CK振出庫：商品名でJAN置換 粕屋CK '〇海鮮漬け丼とうどんセット' JAN 2553407000000.0 → 2553407000000
2448. CK振出庫：商品名でJAN置換 粕屋CK '〇海鮮漬け丼とうどんセット' JAN 2553407000000.0 → 2553407000000
2449. CK振出庫：商品名でJAN置換 粕屋CK '〇海鮮漬け丼とうどんセット' JAN 2553407000000.0 → 2553407000000
2450. CK振出庫：商品名でJAN置換 粕屋CK '〇海鮮漬け丼とうどんセット' JAN 2553407000000.0 → 2553407000000
2451. CK振出庫：商品名でJAN置換 粕屋CK '〇海鮮漬け丼とうどんセット' JAN 2553407000000.0 → 2553407000000
2452. CK振出庫：商品名でJAN置換 粕屋CK '〇海鮮漬け丼とうどんセット' JAN 2553407000000.0 → 2553407000000
2453. CK振出庫：商品名でJAN置換 粕屋CK '〇海鮮漬け丼とうどんセット' JAN 2553407000000.0 → 2553407000000
2454. CK振出庫：商品名でJAN置換 粕屋CK '〇海鮮漬け丼とうどんセット' JAN 2553407000000.0 → 2553407000000
2455. CK振出庫：商品名でJAN置換 粕屋CK '〇海鮮漬け丼とうどんセット' JAN 2553407000000.0 → 2553407000000
2456. CK振出庫：商品名でJAN置換 粕屋CK '〇海鮮漬け丼とうどんセット' JAN 2553407000000.0 → 2553407000000
2457. CK振出庫：商品名でJAN置換 粕屋CK '〇海鮮漬け丼とうどんセット' JAN 2553407000000.0 → 2553407000000
2458. CK振出庫：商品名でJAN置換 粕屋CK '〇海鮮漬け丼とうどんセット' JAN 2553407000000.0 → 2553407000000
2459. CK振出庫：商品名でJAN置換 粕屋CK '〇海鮮漬け丼とうどんセット' JAN 2553407000000.0 → 2553407000000
2460. CK振出庫：商品名でJAN置換 粕屋CK '〇海鮮漬け丼とうどんセット' JAN 2553407000000.0 → 2553407000000
2461. CK振出庫：商品名でJAN置換 粕屋CK '〇海鮮漬け丼とうどんセット' JAN 2553407000000.0 → 2553407000000
2462. CK振出庫：商品名でJAN置換 粕屋CK '〇海鮮漬け丼とうどんセット' JAN 2553407000000.0 → 2553407000000
2463. CK振出庫：商品名でJAN置換 粕屋CK '〇海鮮漬け丼とうどんセット' JAN 2553407000000.0 → 2553407000000
2464. CK振出庫：商品名でJAN置換 粕屋CK '〇海鮮漬け丼とうどんセット' JAN 2553407000000.0 → 2553407000000
2465. CK振出庫：商品名でJAN置換 粕屋CK '〇海鮮漬け丼とうどんセット' JAN 2553407000000.0 → 2553407000000
2466. CK振出庫：商品名でJAN置換 粕屋CK '〇海鮮漬け丼とうどんセット' JAN 2553407000000.0 → 2553407000000
2467. CK振出庫：商品名でJAN置換 粕屋CK '〇海鮮漬け丼とうどんセット' JAN 2553407000000.0 → 2553407000000
2468. CK振出庫：商品名でJAN置換 粕屋CK '〇海鮮漬け丼とうどんセット' JAN 2553407000000.0 → 2553407000000
2469. CK振出庫：商品名でJAN置換 粕屋CK '〇海鮮漬け丼とうどんセット' JAN 2553407000000.0 → 2553407000000
2470. CK振出庫：商品名でJAN置換 粕屋CK '〇海鮮漬け丼とうどんセット' JAN 2553407000000.0 → 2553407000000
2471. CK振出庫：商品名でJAN置換 粕屋CK '〇海鮮漬け丼とうどんセット' JAN 2553407000000.0 → 2553407000000
2472. CK振出庫：商品名でJAN置換 粕屋CK '〇海鮮漬け丼とうどんセット' JAN 2553407000000.0 → 2553407000000
2473. CK振出庫：商品名でJAN置換 粕屋CK '〇海鮮漬け丼とうどんセット' JAN 2553407000000.0 → 2553407000000
2474. CK振出庫：商品名でJAN置換 粕屋CK '〇海鮮漬け丼とうどんセット' JAN 2553407000000.0 → 2553407000000
2475. CK振出庫：商品名でJAN置換 粕屋CK '〇海鮮漬け丼とうどんセット' JAN 2553407000000.0 → 2553407000000
2476. CK振出庫：商品名でJAN置換 粕屋CK '〇海鮮漬け丼とうどんセット' JAN 2553407000000.0 → 2553407000000
2477. CK振出庫：商品名でJAN置換 粕屋CK '〇海鮮漬け丼とうどんセット' JAN 2553407000000.0 → 2553407000000
2478. CK振出庫：商品名でJAN置換 粕屋CK '〇海鮮漬け丼とうどんセット' JAN 2553407000000.0 → 2553407000000
2479. CK振出庫：商品名でJAN置換 粕屋CK '〇海鮮漬け丼とうどんセット' JAN 2553407000000.0 → 2553407000000
2480. CK振出庫：商品名でJAN置換 粕屋CK '〇海鮮漬け丼とうどんセット' JAN 2553407000000.0 → 2553407000000
2481. CK振出庫：商品名でJAN置換 粕屋CK '〇海鮮漬け丼とうどんセット' JAN 2553407000000.0 → 2553407000000
2482. CK振出庫：商品名でJAN置換 粕屋CK '〇海鮮漬け丼とうどんセット' JAN 2553407000000.0 → 2553407000000
2483. CK振出庫：商品名でJAN置換 粕屋CK '〇海鮮漬け丼とうどんセット' JAN 2553407000000.0 → 2553407000000
2484. CK振出庫：商品名でJAN置換 粕屋CK '〇海鮮漬け丼とうどんセット' JAN 2553407000000.0 → 2553407000000
2485. CK振出庫：商品名でJAN置換 粕屋CK '〇海鮮漬け丼とうどんセット' JAN 2553407000000.0 → 2553407000000
2486. CK振出庫：商品名でJAN置換 粕屋CK '〇海鮮漬け丼とうどんセット' JAN 2553407000000.0 → 2553407000000
2487. CK振出庫：商品名でJAN置換 粕屋CK '〇海鮮漬け丼とうどんセット' JAN 2553407000000.0 → 2553407000000
2488. CK振出庫：商品名でJAN置換 粕屋CK '〇海鮮漬け丼とうどんセット' JAN 2553407000000.0 → 2553407000000
2489. CK振出庫：商品名でJAN置換 粕屋CK '〇海鮮漬け丼とうどんセット' JAN 2553407000000.0 → 2553407000000
2490. CK振出庫：商品名でJAN置換 粕屋CK '〇海鮮漬け丼とうどんセット' JAN 2553407000000.0 → 2553407000000
2491. CK振出庫：商品名でJAN置換 粕屋CK '〇海鮮漬け丼とうどんセット' JAN 2553407000000.0 → 2553407000000
2492. CK振出庫：商品名でJAN置換 粕屋CK '〇海鮮漬け丼とうどんセット' JAN 2553407000000.0 → 2553407000000
2493. CK振出庫：商品名でJAN置換 粕屋CK '〇海鮮漬け丼とうどんセット' JAN 2553407000000.0 → 2553407000000
2494. CK振出庫：商品名でJAN置換 粕屋CK '〇海鮮漬け丼とうどんセット' JAN 2553407000000.0 → 2553407000000
2495. CK振出庫：商品名でJAN置換 粕屋CK '〇海鮮漬け丼とうどんセット' JAN 2553407000000.0 → 2553407000000
2496. CK振出庫：商品名でJAN置換 粕屋CK '〇海鮮漬け丼とうどんセット' JAN 2553407000000.0 → 2553407000000
2497. CK振出庫：商品名でJAN置換 粕屋CK '〇海鮮漬け丼とうどんセット' JAN 2553407000000.0 → 2553407000000
2498. CK振出庫：商品名でJAN置換 粕屋CK '〇海鮮漬け丼とうどんセット' JAN 2553407000000.0 → 2553407000000
2499. CK振出庫：商品名でJAN置換 粕屋CK '〇海鮮漬け丼とうどんセット' JAN 2553407000000.0 → 2553407000000
2500. CK振出庫：商品名でJAN置換 粕屋CK '〇海鮮漬け丼とうどんセット' JAN 2553407000000.0 → 2553407000000
2501. CK振出庫：商品名でJAN置換 粕屋CK '〇海鮮漬け丼とうどんセット' JAN 2553407000000.0 → 2553407000000
2502. CK振出庫：商品名でJAN置換 粕屋CK '〇海鮮漬け丼とうどんセット' JAN 2553407000000.0 → 2553407000000
2503. CK振出庫：商品名でJAN置換 粕屋CK '〇海鮮漬け丼とうどんセット' JAN 2553407000000.0 → 2553407000000
2504. CK振出庫：商品名でJAN置換 粕屋CK '〇海鮮漬け丼とうどんセット' JAN 2553407000000.0 → 2553407000000
2505. CK振出庫：商品名でJAN置換 粕屋CK '〇海鮮漬け丼とうどんセット' JAN 2553407000000.0 → 2553407000000
2506. CK振出庫：商品名でJAN置換 粕屋CK '〇海鮮漬け丼とうどんセット' JAN 2553407000000.0 → 2553407000000
2507. CK振出庫：商品名でJAN置換 粕屋CK '〇海鮮漬け丼とうどんセット' JAN 2553407000000.0 → 2553407000000
2508. CK振出庫：商品名でJAN置換 粕屋CK '〇海鮮漬け丼とうどんセット' JAN 2553407000000.0 → 2553407000000
2509. CK振出庫：商品名でJAN置換 粕屋CK '〇海鮮漬け丼とうどんセット' JAN 2553407000000.0 → 2553407000000
2510. CK振出庫：商品名でJAN置換 粕屋CK '〇海鮮漬け丼とそばセット' JAN 2553451000000.0 → 2553451000000
2511. CK振出庫：商品名でJAN置換 粕屋CK '〇海鮮漬け丼とそばセット' JAN 2553451000000.0 → 2553451000000
2512. CK振出庫：商品名でJAN置換 粕屋CK '〇海鮮漬け丼とそばセット' JAN 2553451000000.0 → 2553451000000
2513. CK振出庫：商品名でJAN置換 粕屋CK '〇海鮮漬け丼とそばセット' JAN 2553451000000.0 → 2553451000000
2514. CK振出庫：商品名でJAN置換 粕屋CK '〇海鮮漬け丼とそばセット' JAN 2553451000000.0 → 2553451000000
2515. CK振出庫：商品名でJAN置換 粕屋CK '〇海鮮漬け丼とそばセット' JAN 2553451000000.0 → 2553451000000
2516. CK振出庫：商品名でJAN置換 粕屋CK '〇海鮮漬け丼とそばセット' JAN 2553451000000.0 → 2553451000000
2517. CK振出庫：商品名でJAN置換 粕屋CK '〇海鮮漬け丼とそばセット' JAN 2553451000000.0 → 2553451000000
2518. CK振出庫：商品名でJAN置換 粕屋CK '〇海鮮漬け丼とそばセット' JAN 2553451000000.0 → 2553451000000
2519. CK振出庫：商品名でJAN置換 粕屋CK '〇海鮮漬け丼とそばセット' JAN 2553451000000.0 → 2553451000000
2520. CK振出庫：商品名でJAN置換 粕屋CK '〇海鮮漬け丼とそばセット' JAN 2553451000000.0 → 2553451000000
2521. CK振出庫：商品名でJAN置換 粕屋CK '〇海鮮漬け丼とそばセット' JAN 2553451000000.0 → 2553451000000
2522. CK振出庫：商品名でJAN置換 粕屋CK '〇海鮮漬け丼とそばセット' JAN 2553451000000.0 → 2553451000000
2523. CK振出庫：商品名でJAN置換 粕屋CK '〇海鮮漬け丼とそばセット' JAN 2553451000000.0 → 2553451000000
2524. CK振出庫：商品名でJAN置換 粕屋CK '〇海鮮漬け丼とそばセット' JAN 2553451000000.0 → 2553451000000
2525. CK振出庫：商品名でJAN置換 粕屋CK '〇海鮮漬け丼とそばセット' JAN 2553451000000.0 → 2553451000000
2526. CK振出庫：商品名でJAN置換 粕屋CK '〇海鮮漬け丼とそばセット' JAN 2553451000000.0 → 2553451000000
2527. CK振出庫：商品名でJAN置換 粕屋CK '〇海鮮漬け丼とそばセット' JAN 2553451000000.0 → 2553451000000
2528. CK振出庫：商品名でJAN置換 粕屋CK '〇海鮮漬け丼とそばセット' JAN 2553451000000.0 → 2553451000000
2529. CK振出庫：商品名でJAN置換 粕屋CK '〇海鮮漬け丼とそばセット' JAN 2553451000000.0 → 2553451000000
2530. CK振出庫：商品名でJAN置換 粕屋CK '〇海鮮漬け丼とそばセット' JAN 2553451000000.0 → 2553451000000
2531. CK振出庫：商品名でJAN置換 粕屋CK '〇海鮮漬け丼とそばセット' JAN 2553451000000.0 → 2553451000000
2532. CK振出庫：商品名でJAN置換 粕屋CK '〇海鮮漬け丼とそばセット' JAN 2553451000000.0 → 2553451000000
2533. CK振出庫：商品名でJAN置換 粕屋CK '〇海鮮漬け丼とそばセット' JAN 2553451000000.0 → 2553451000000
2534. CK振出庫：商品名でJAN置換 粕屋CK '〇海鮮漬け丼とそばセット' JAN 2553451000000.0 → 2553451000000
2535. CK振出庫：商品名でJAN置換 粕屋CK '〇海鮮漬け丼とそばセット' JAN 2553451000000.0 → 2553451000000
2536. CK振出庫：商品名でJAN置換 粕屋CK '〇海鮮漬け丼とそばセット' JAN 2553451000000.0 → 2553451000000
2537. CK振出庫：商品名でJAN置換 粕屋CK '〇海鮮漬け丼とそばセット' JAN 2553451000000.0 → 2553451000000
2538. CK振出庫：商品名でJAN置換 粕屋CK '〇海鮮漬け丼とそばセット' JAN 2553451000000.0 → 2553451000000
2539. CK振出庫：商品名でJAN置換 粕屋CK '〇海鮮漬け丼とそばセット' JAN 2553451000000.0 → 2553451000000
2540. CK振出庫：商品名でJAN置換 粕屋CK '〇海鮮漬け丼とそばセット' JAN 2553451000000.0 → 2553451000000
2541. CK振出庫：商品名でJAN置換 粕屋CK '〇海鮮漬け丼とそばセット' JAN 2553451000000.0 → 2553451000000
2542. CK振出庫：商品名でJAN置換 粕屋CK '〇海鮮漬け丼とそばセット' JAN 2553451000000.0 → 2553451000000
2543. CK振出庫：商品名でJAN置換 粕屋CK '〇海鮮漬け丼とそばセット' JAN 2553451000000.0 → 2553451000000
2544. CK振出庫：商品名でJAN置換 粕屋CK '〇海鮮漬け丼とそばセット' JAN 2553451000000.0 → 2553451000000
2545. CK振出庫：商品名でJAN置換 粕屋CK '〇海鮮漬け丼とそばセット' JAN 2553451000000.0 → 2553451000000
2546. CK振出庫：商品名でJAN置換 粕屋CK '〇海鮮漬け丼とそばセット' JAN 2553451000000.0 → 2553451000000
2547. CK振出庫：商品名でJAN置換 粕屋CK '〇海鮮漬け丼とそばセット' JAN 2553451000000.0 → 2553451000000
2548. CK振出庫：商品名でJAN置換 粕屋CK '〇海鮮漬け丼とそばセット' JAN 2553451000000.0 → 2553451000000
2549. CK振出庫：商品名でJAN置換 粕屋CK '〇海鮮漬け丼とそばセット' JAN 2553451000000.0 → 2553451000000
2550. CK振出庫：商品名でJAN置換 粕屋CK '〇海鮮漬け丼とそばセット' JAN 2553451000000.0 → 2553451000000
2551. CK振出庫：商品名でJAN置換 粕屋CK '〇海鮮漬け丼とそばセット' JAN 2553451000000.0 → 2553451000000
2552. CK振出庫：商品名でJAN置換 粕屋CK '〇海鮮漬け丼とそばセット' JAN 2553451000000.0 → 2553451000000
2553. CK振出庫：商品名でJAN置換 粕屋CK '〇海鮮漬け丼とそばセット' JAN 2553451000000.0 → 2553451000000
2554. CK振出庫：商品名でJAN置換 粕屋CK '〇海鮮漬け丼とそばセット' JAN 2553451000000.0 → 2553451000000
2555. CK振出庫：商品名でJAN置換 粕屋CK '〇海鮮漬け丼とそばセット' JAN 2553451000000.0 → 2553451000000
2556. CK振出庫：商品名でJAN置換 粕屋CK '〇海鮮漬け丼とそばセット' JAN 2553451000000.0 → 2553451000000
2557. CK振出庫：商品名でJAN置換 粕屋CK '〇海鮮漬け丼とそばセット' JAN 2553451000000.0 → 2553451000000
2558. CK振出庫：商品名でJAN置換 粕屋CK '〇海鮮漬け丼とそばセット' JAN 2553451000000.0 → 2553451000000
2559. CK振出庫：商品名でJAN置換 粕屋CK '〇海鮮漬け丼とそばセット' JAN 2553451000000.0 → 2553451000000
2560. CK振出庫：商品名でJAN置換 粕屋CK '〇海鮮漬け丼とそばセット' JAN 2553451000000.0 → 2553451000000
2561. CK振出庫：商品名でJAN置換 粕屋CK '〇海鮮漬け丼とそばセット' JAN 2553451000000.0 → 2553451000000
2562. CK振出庫：商品名でJAN置換 粕屋CK '〇海鮮漬け丼とそばセット' JAN 2553451000000.0 → 2553451000000
2563. CK振出庫：商品名でJAN置換 粕屋CK '〇海鮮漬け丼とそばセット' JAN 2553451000000.0 → 2553451000000
2564. CK振出庫：商品名でJAN置換 粕屋CK '〇海鮮漬け丼とそばセット' JAN 2553451000000.0 → 2553451000000
2565. CK振出庫：商品名でJAN置換 粕屋CK '〇海鮮漬け丼とそばセット' JAN 2553451000000.0 → 2553451000000
2566. CK振出庫：商品名でJAN置換 粕屋CK '〇海鮮漬け丼とそばセット' JAN 2553451000000.0 → 2553451000000
2567. CK振出庫：商品名でJAN置換 粕屋CK '〇海鮮漬け丼とそばセット' JAN 2553451000000.0 → 2553451000000
2568. CK振出庫：商品名でJAN置換 粕屋CK '〇海鮮漬け丼とそばセット' JAN 2553451000000.0 → 2553451000000
2569. CK振出庫：商品名でJAN置換 粕屋CK '〇海鮮漬け丼とそばセット' JAN 2553451000000.0 → 2553451000000
2570. CK振出庫：商品名でJAN置換 粕屋CK '〇海鮮漬け丼とそばセット' JAN 2553451000000.0 → 2553451000000
2571. CK振出庫：商品名でJAN置換 粕屋CK '〇海鮮漬け丼とそばセット' JAN 2553451000000.0 → 2553451000000
2572. CK振出庫：商品名でJAN置換 粕屋CK '〇海鮮漬け丼とそばセット' JAN 2553451000000.0 → 2553451000000
2573. CK振出庫：商品名でJAN置換 粕屋CK '〇海鮮漬け丼とそばセット' JAN 2553451000000.0 → 2553451000000
2574. CK振出庫：商品名でJAN置換 粕屋CK '〇海鮮漬け丼とそばセット' JAN 2553451000000.0 → 2553451000000
2575. CK振出庫：商品名でJAN置換 粕屋CK '〇海鮮漬け丼とそばセット' JAN 2553451000000.0 → 2553451000000
2576. CK振出庫：商品名でJAN置換 粕屋CK '〇海鮮漬け丼とそばセット' JAN 2553451000000.0 → 2553451000000
2577. CK振出庫：商品名でJAN置換 粕屋CK '〇海鮮漬け丼とそばセット' JAN 2553451000000.0 → 2553451000000
2578. CK振出庫：商品名でJAN置換 粕屋CK '〇海鮮漬け丼とそばセット' JAN 2553451000000.0 → 2553451000000
2579. CK振出庫：商品名でJAN置換 粕屋CK '〇海鮮漬け丼とそばセット' JAN 2553451000000.0 → 2553451000000
2580. CK振出庫：商品名でJAN置換 粕屋CK '〇海鮮漬け丼とそばセット' JAN 2553451000000.0 → 2553451000000
2581. CK振出庫：商品名でJAN置換 粕屋CK '〇海鮮漬け丼とそばセット' JAN 2553451000000.0 → 2553451000000
2582. CK振出庫：商品名でJAN置換 粕屋CK '〇海鮮漬け丼とそばセット' JAN 2553451000000.0 → 2553451000000
2583. CK振出庫：商品名でJAN置換 粕屋CK '〇海鮮漬け丼とそばセット' JAN 2553451000000.0 → 2553451000000
2584. CK振出庫：商品名でJAN置換 粕屋CK '〇海鮮漬け丼とそばセット' JAN 2553451000000.0 → 2553451000000
2585. CK振出庫：商品名でJAN置換 粕屋CK '〇海鮮漬け丼とそばセット' JAN 2553451000000.0 → 2553451000000
2586. CK振出庫：商品名でJAN置換 粕屋CK '〇海鮮漬け丼とそばセット' JAN 2553451000000.0 → 2553451000000
2587. CK振出庫：商品名でJAN置換 粕屋CK '〇海鮮漬け丼とそばセット' JAN 2553451000000.0 → 2553451000000
2588. CK振出庫：商品名でJAN置換 粕屋CK '〇海鮮漬け丼とそばセット' JAN 2553451000000.0 → 2553451000000
2589. CK振出庫：商品名でJAN置換 粕屋CK '〇海鮮漬け丼とそばセット' JAN 2553451000000.0 → 2553451000000
2590. CK振出庫：商品名でJAN置換 粕屋CK '〇海鮮漬け丼とそばセット' JAN 2553451000000.0 → 2553451000000
2591. CK振出庫：商品名でJAN置換 粕屋CK '〇海鮮漬け丼とそばセット' JAN 2553451000000.0 → 2553451000000
2592. CK振出庫：商品名でJAN置換 粕屋CK '〇海鮮漬け丼とそばセット' JAN 2553451000000.0 → 2553451000000
2593. CK振出庫：商品名でJAN置換 粕屋CK '〇海鮮漬け丼とそばセット' JAN 2553451000000.0 → 2553451000000
2594. CK振出庫：商品名でJAN置換 粕屋CK '〇海鮮漬け丼とそばセット' JAN 2553451000000.0 → 2553451000000
2595. CK振出庫：商品名でJAN置換 粕屋CK '〇海鮮漬け丼とそばセット' JAN 2553451000000.0 → 2553451000000
2596. CK振出庫：商品名でJAN置換 粕屋CK '〇海鮮漬け丼とそばセット' JAN 2553451000000.0 → 2553451000000
2597. CK振出庫：商品名でJAN置換 粕屋CK '〇海鮮漬け丼とそばセット' JAN 2553451000000.0 → 2553451000000
2598. CK振出庫：商品名でJAN置換 粕屋CK '〇海鮮漬け丼とそばセット' JAN 2553451000000.0 → 2553451000000
2599. CK振出庫：商品名でJAN置換 粕屋CK '〇海鮮漬け丼とそばセット' JAN 2553451000000.0 → 2553451000000
2600. CK振出庫：商品名でJAN置換 粕屋CK '〇海鮮漬け丼とそばセット' JAN 2553451000000.0 → 2553451000000
2601. CK振出庫：商品名でJAN置換 粕屋CK '〇海鮮漬け丼とそばセット' JAN 2553451000000.0 → 2553451000000
2602. CK振出庫：商品名でJAN置換 粕屋CK '〇海鮮漬け丼とそばセット' JAN 2553451000000.0 → 2553451000000
2603. CK振出庫：商品名でJAN置換 粕屋CK '〇海鮮漬け丼とそばセット' JAN 2553451000000.0 → 2553451000000
2604. CK振出庫：商品名でJAN置換 粕屋CK '〇海鮮漬け丼とそばセット' JAN 2553451000000.0 → 2553451000000
2605. CK振出庫：商品名でJAN置換 粕屋CK '〇海鮮漬け丼とそばセット' JAN 2553451000000.0 → 2553451000000
2606. CK振出庫：商品名でJAN置換 粕屋CK '〇海鮮漬け丼とそばセット' JAN 2553451000000.0 → 2553451000000
2607. CK振出庫：商品名でJAN置換 粕屋CK '〇海鮮漬け丼とそばセット' JAN 2553451000000.0 → 2553451000000
2608. CK振出庫：商品名でJAN置換 粕屋CK '〇海鮮漬け丼とそばセット' JAN 2553451000000.0 → 2553451000000
2609. CK振出庫：商品名でJAN置換 粕屋CK '〇海鮮漬け丼とそばセット' JAN 2553451000000.0 → 2553451000000
2610. CK振出庫：商品名でJAN置換 粕屋CK '〇海鮮漬け丼とそばセット' JAN 2553451000000.0 → 2553451000000
2611. CK振出庫：商品名でJAN置換 粕屋CK '〇海鮮漬け丼とそばセット' JAN 2553451000000.0 → 2553451000000
2612. CK振出庫：商品名でJAN置換 粕屋CK '〇海鮮漬け丼とそばセット' JAN 2553451000000.0 → 2553451000000
2613. CK振出庫：商品名でJAN置換 粕屋CK '〇海鮮漬け丼とそばセット' JAN 2553451000000.0 → 2553451000000
2614. CK振出庫：商品名でJAN置換 粕屋CK '〇海鮮漬け丼とそばセット' JAN 2553451000000.0 → 2553451000000
2615. CK振出庫：商品名でJAN置換 粕屋CK '〇海鮮漬け丼とそばセット' JAN 2553451000000.0 → 2553451000000
2616. CK振出庫：商品名でJAN置換 粕屋CK '〇海鮮漬け丼とそばセット' JAN 2553451000000.0 → 2553451000000
2617. CK振出庫：商品名でJAN置換 粕屋CK '〇海鮮漬け丼とそばセット' JAN 2553451000000.0 → 2553451000000
2618. CK振出庫：商品名でJAN置換 粕屋CK '〇海鮮漬け丼とそばセット' JAN 2553451000000.0 → 2553451000000
2619. CK振出庫：商品名でJAN置換 粕屋CK '〇海鮮漬け丼とそばセット' JAN 2553451000000.0 → 2553451000000
2620. CK振出庫：商品名でJAN置換 粕屋CK '〇海鮮漬け丼とそばセット' JAN 2553451000000.0 → 2553451000000
2621. CK振出庫：商品名でJAN置換 粕屋CK '〇海鮮漬け丼とそばセット' JAN 2553451000000.0 → 2553451000000
2622. CK振出庫：商品名でJAN置換 粕屋CK '〇海鮮漬け丼とそばセット' JAN 2553451000000.0 → 2553451000000
2623. CK振出庫：商品名でJAN置換 粕屋CK '〇海鮮漬け丼とそばセット' JAN 2553451000000.0 → 2553451000000
2624. CK振出庫：商品名でJAN置換 粕屋CK '〇海鮮漬け丼とそばセット' JAN 2553451000000.0 → 2553451000000
2625. CK振出庫：商品名でJAN置換 粕屋CK '〇海鮮漬け丼とそばセット' JAN 2553451000000.0 → 2553451000000
2626. CK振出庫：商品名でJAN置換 粕屋CK '〇海鮮漬け丼とそばセット' JAN 2553451000000.0 → 2553451000000
2627. CK振出庫：商品名でJAN置換 粕屋CK '〇海鮮漬け丼とそばセット' JAN 2553451000000.0 → 2553451000000
2628. CK振出庫：商品名でJAN置換 粕屋CK '〇海鮮漬け丼とそばセット' JAN 2553451000000.0 → 2553451000000
2629. CK振出庫：商品名でJAN置換 粕屋CK '〇海鮮漬け丼とそばセット' JAN 2553451000000.0 → 2553451000000
2630. CK振出庫：商品名でJAN置換 粕屋CK '〇海鮮漬け丼とそばセット' JAN 2553451000000.0 → 2553451000000
2631. CK振出庫：商品名でJAN置換 粕屋CK '〇海鮮漬け丼とそばセット' JAN 2553451000000.0 → 2553451000000
2632. CK振出庫：商品名でJAN置換 粕屋CK '〇海鮮漬け丼とそばセット' JAN 2553451000000.0 → 2553451000000
2633. CK振出庫：商品名でJAN置換 粕屋CK '〇海鮮漬け丼とそばセット' JAN 2553451000000.0 → 2553451000000
2634. CK振出庫：商品名でJAN置換 粕屋CK '〇海鮮漬け丼とそばセット' JAN 2553451000000.0 → 2553451000000
2635. CK振出庫：商品名でJAN置換 粕屋CK '〇海鮮漬け丼とそばセット' JAN 2553451000000.0 → 2553451000000
2636. CK振出庫：商品名でJAN置換 粕屋CK '〇生サーモンにぎり５貫' JAN 2562022000000.0 → 2562022000000
2637. CK振出庫：商品名でJAN置換 粕屋CK '〇生サーモンにぎり５貫' JAN 2562022000000.0 → 2562022000000
2638. CK振出庫：商品名でJAN置換 粕屋CK '〇生サーモンにぎり５貫' JAN 2562022000000.0 → 2562022000000
2639. CK振出庫：商品名でJAN置換 粕屋CK '〇生サーモンにぎり５貫' JAN 2562022000000.0 → 2562022000000
2640. CK振出庫：商品名でJAN置換 粕屋CK '〇生サーモンにぎり５貫' JAN 2562022000000.0 → 2562022000000
2641. CK振出庫：商品名でJAN置換 粕屋CK '〇生サーモンにぎり５貫' JAN 2562022000000.0 → 2562022000000
2642. CK振出庫：商品名でJAN置換 粕屋CK '〇生サーモンにぎり５貫' JAN 2562022000000.0 → 2562022000000
2643. CK振出庫：商品名でJAN置換 粕屋CK '〇生サーモンにぎり５貫' JAN 2562022000000.0 → 2562022000000
2644. CK振出庫：商品名でJAN置換 粕屋CK '〇生サーモンにぎり５貫' JAN 2562022000000.0 → 2562022000000
2645. CK振出庫：商品名でJAN置換 粕屋CK '〇生サーモンにぎり５貫' JAN 2562022000000.0 → 2562022000000
2646. CK振出庫：商品名でJAN置換 粕屋CK '〇生サーモンにぎり５貫' JAN 2562022000000.0 → 2562022000000
2647. CK振出庫：商品名でJAN置換 粕屋CK '〇生サーモンにぎり５貫' JAN 2562022000000.0 → 2562022000000
2648. CK振出庫：商品名でJAN置換 粕屋CK '〇生サーモンにぎり５貫' JAN 2562022000000.0 → 2562022000000
2649. CK振出庫：商品名でJAN置換 粕屋CK '〇生サーモンにぎり５貫' JAN 2562022000000.0 → 2562022000000
2650. CK振出庫：商品名でJAN置換 粕屋CK '〇生サーモンにぎり５貫' JAN 2562022000000.0 → 2562022000000
2651. CK振出庫：商品名でJAN置換 粕屋CK '〇生サーモンにぎり５貫' JAN 2562022000000.0 → 2562022000000
2652. CK振出庫：商品名でJAN置換 粕屋CK '〇プリプリ海老サラダ巻５個' JAN 2568386000000.0 → 2568386000000
2653. CK振出庫：商品名でJAN置換 粕屋CK '〇プリプリ海老サラダ巻５個' JAN 2568386000000.0 → 2568386000000
2654. CK振出庫：商品名でJAN置換 粕屋CK '〇うなぎ蒲焼重' JAN 2568959000000.0 → 2568959000000
2655. CK振出庫：商品名でJAN置換 粕屋CK '〇うなぎ蒲焼重' JAN 2568959000000.0 → 2568959000000
2656. CK振出庫：商品名でJAN置換 粕屋CK '〇うなぎ蒲焼重' JAN 2568959000000.0 → 2568959000000
2657. CK振出庫：商品名でJAN置換 粕屋CK '〇うなぎ蒲焼重' JAN 2568959000000.0 → 2568959000000
2658. CK振出庫：商品名でJAN置換 粕屋CK '〇うなぎ蒲焼重' JAN 2568959000000.0 → 2568959000000
2659. CK振出庫：商品名でJAN置換 粕屋CK '〇うなぎ蒲焼重' JAN 2568959000000.0 → 2568959000000
2660. CK振出庫：商品名でJAN置換 粕屋CK '〇うなぎ蒲焼重' JAN 2568959000000.0 → 2568959000000
2661. CK振出庫：商品名でJAN置換 粕屋CK '〇うなぎ蒲焼重' JAN 2568959000000.0 → 2568959000000
2662. CK振出庫：商品名でJAN置換 粕屋CK '〇うなぎ蒲焼重' JAN 2568959000000.0 → 2568959000000
2663. CK振出庫：商品名でJAN置換 粕屋CK '〇うなぎ蒲焼重' JAN 2568959000000.0 → 2568959000000
2664. CK振出庫：レシピに該当なし、仮JAN付与 山口菊川チルドセンター '築地丸高海鮮茶わん蒸し' JAN 4943527006819.0 → 9992000000002
2665. CK振出庫：レシピに該当なし、仮JAN付与 山口菊川チルドセンター '築地丸高海鮮茶わん蒸し' JAN 4943527006819.0 → 9992000000002
